00103010301100
00103012101100
00103013001100
00103100210100
00103100301100
00103100301200
00103101201100
00103101201200
00103102010100
00103102101100
00103102101200
00103103001100
00103103001200
00103120010100
00112010301100
00112012101100
00112013001100
00112100210100
00112100301100
00112101201100
00112102010100
00112102101100
00112103001100
00112120010100
00113011301011
00113012201011
00113013101011
00113101301011
00113102201011
00113103101011
00113300201100
00113301101100
00113302001100
00121010301100
00121012101100
00121013001100
00121100210100
00121100301100
00121100301200
00121101201100
00121101201200
00121102010100
00121102101100
00121102101200
00121103001100
00121103001200
00121120010100
00122010221030
00122010221300
00122011301011
00122012201011
00122013101011
00122100221300
00122101121300
00122101301011
00122102201011
00122300201100
00122301101100
00122302001100
00130010301100
00130012101100
00130013001100
00130100210100
00130100301100
00130100301200
00130101201100
00130101201200
00130102010100
00130102101100
00130102101200
00130103001100
00130103001200
00130120010100
00131010221030
00131010221300
00131011301011
00131012201011
00131013101011
00131100221300
00131101121300
00131101301011
00131103101011
00131301101100
00131302001100
00133202303211
00133203203211
00133211303211
00133212203211
00133213103211
00133230203211
00133231103211
00133232003211
00202010210100
00202010210200
00202012010100
00202012010200
00202100210100
00202102010100
00202120010100
00203010130300
00203010310011
00203011030300
00203011210011
00203012110011
00203013010011
00203020302200
00203021202200
00203022102200
00203023002200
00203100130300
00203100220011
00203100310011
00203101030300
00203101120011
00203101210011
00203102020011
00203102110011
00203103010011
00203200302200
00203201202200
00203202102200
00203203002200
00203300201100
00203301101100
00203302001100
00211010210100
00211010210200
00211012010100
00211012010200
00212010130300
00212010310011
00212011030300
00212011210011
00212012110011
00212013010011
00212020302200
00212021202200
00212022102200
00212023002200
00212100130300
00212100220011
00212100310011
00212101030300
00212101120011
00212101210011
00212102020011
00212102110011
00212200302200
00212201202200
00212202102200
00212203002200
00212300201100
00212301101100
00212302001100
00220010210100
00220010210200
00220012010100
00220012010200
00220100210100
00220102010100
00220120010100
00221010130300
00221010310011
00221011030300
00221011210011
00221012110011
00221013010011
00221020302200
00221021202200
00221022102200
00221023002200
00221100130300
00221100220011
00221100310011
00221101030300
00221101120011
00221101210011
00221103010011
00221200302200
00221201202200
00221202102200
00221203002200
00221301101100
00221302001100
00223022302022
00223023202022
00223110322022
00223110322311
00223112122022
00223112122311
00223112302022
00223200322311
00223202122311
00223202302022
00223202302311
00223202303211
00223203022311
00223203202022
00223203202311
00223203203211
00223211303211
00223212203211
00223213103211
00223230203211
00223231103211
00223232003211
00230010130300
00230010310011
00230011030300
00230011210011
00230012110011
00230013010011
00230020302200
00230021202200
00230022102200
00230023002200
00230100130300
00230100220011
00230100310011
00230101030300
00230101120011
00230101210011
00230102020011
00230102110011
00230103010011
00230200302200
00230201202200
00230202102200
00230203002200
00230300201100
00230301101100
00230302001100
00232022302022
00232023202022
00232110322022
00232110322311
00232113022022
00232113022311
00232113202022
00232200322311
00232202122311
00232202302022
00232202302311
00232202303211
00232203022311
00232203202022
00232203202311
00232203203211
00232211303211
00232212203211
00232213103211
00232230203211
00232231103211
00232232003211
00233011330033
00233012230033
00233013130033
00233101330033
00233101330122
00233102230033
00233102230122
00233103130033
00233103130122
00233120230122
00233121130122
00233122030122
00233130130122
00233131030122
00302300201100
00302301101100
00302302001100
00311301101100
00311302001100
00313121303211
00313123103211
00313202303211
00313203203211
00313211303211
00313212203211
00313213103211
00313230203211
00313231103211
00313232003211
00313301303121
00313301303211
00313302203121
00313302203211
00313303103121
00313303103211
00320300201100
00320301101100
00320302001100
00322123103211
00322301303121
00322301303211
00322302203121
00322302203211
00322303103121
00322303103211
00323101330122
00323102230122
00323103130122
00323120230122
00323121130122
00323122030122
00323122303122
00323123203122
00323130130122
00323131030122
00323212213122
00323212303122
00323213113122
00323213203122
00323302303122
00323302303212
00323303203122
00323303203212
00331121303211
00331123103211
00331202303211
00331203203211
00331211303211
00331212203211
00331213103211
00331230203211
00331231103211
00331232003211
00331301303121
00331301303211
00331302203211
00331303103121
00331303103211
00332101330122
00332102230122
00332103130122
00332120230122
00332121130122
00332122030122
00332122303122
00332123203122
00332130130122
00332131030122
00332212213122
00332212303122
00332213113122
00332213203122
00332302303122
00332302303212
00332303203122
00332303203212
01003010301100
01003012101100
01003013001100
01003100210100
01003100301100
01003100301200
01003101201100
01003101201200
01003102010100
01003102101100
01003102101200
01003103001100
01003103001200
01003120010100
01012010301100
01012012101100
01012013001100
01012100210100
01012100301100
01012101201100
01012102010100
01012102101100
01012103001100
01012120010100
01013011301011
01013012201011
01013013101011
01013101301011
01013102201011
01013103101011
01013300201100
01013301101100
01013302001100
01021010301100
01021012101100
01021013001100
01021100210100
01021100301100
01021100301200
01021101201100
01021101201200
01021103001100
01021103001200
01022010221030
01022010221300
01022012201011
01022013101011
01022100221300
01022101121300
01022101301011
01022102201011
01022103101011
01022300201100
01022301101100
01022302001100
01030010301100
01030012101100
01030013001100
01030100210100
01030100301100
01030100301200
01030101201100
01030101201200
01030102010100
01030102101100
01030102101200
01030103001100
01030103001200
01030120010100
01031010221030
01031010221300
01031011301011
01031012201011
01031013101011
01031100221300
01031101121300
01031101301011
01031103101011
01031301101100
01031302001100
01033202303211
01033203203211
01033211303211
01033212203211
01033213103211
01033230203211
01033231103211
01033232003211
01102010210100
01102010210200
01102012010100
01102012010200
01102100210100
01102102010100
01102120010100
01103010130300
01103010310011
01103011030300
01103011210011
01103012110011
01103013010011
01103020302200
01103021202200
01103022102200
01103023002200
01103100130300
01103100220011
01103100310011
01103101030300
01103101120011
01103101210011
01103102020011
01103102110011
01103103010011
01103200302200
01103201202200
01103202102200
01103203002200
01103300201100
01103301101100
01103302001100
01120010210100
01120010210200
01120012010100
01120012010200
01120100210100
01120102010100
01120120010100
01121010130300
01121010310011
01121011030300
01121011210011
01121012110011
01121013010011
01121020302200
01121021202200
01121022102200
01121023002200
01121100130300
01121100220011
01121100310011
01121101030300
01121101120011
01121101210011
01121103010011
01121200302200
01121201202200
01121202102200
01121301101100
01121302001100
01122002312211
01122003212211
01122011312211
01122012212211
01122030212211
01122032012211
01123020322311
01123022122311
01123022302022
01123023022311
01123023202022
01123110322022
01123110322311
01123112122022
01123112122311
01123112302022
01123113022022
01123113022311
01123113202022
01123200322311
01123202122311
01123202302022
01123202302311
01123202303211
01123203022311
01123203202022
01123203202311
01123203203211
01123211303211
01123212203211
01123213103211
01123230203211
01123231103211
01123232003211
01130010130300
01130010310011
01130011030300
01130011210011
01130012110011
01130013010011
01130020302200
01130021202200
01130022102200
01130023002200
01130100130300
01130100220011
01130100310011
01130101030300
01130101120011
01130101210011
01130102020011
01130102110011
01130103010011
01130200302200
01130201202200
01130202102200
01130203002200
01130300201100
01130301101100
01130302001100
01131002312211
01131003212211
01131011312211
01131012212211
01131030212211
01131032012211
01132020322311
01132022122311
01132022302022
01132023022311
01132023202022
01132110322022
01132110322311
01132113022022
01132113022311
01132113202022
01132200322311
01132202122311
01132202302022
01132202302311
01132202303211
01132203022311
01132203202022
01132203202311
01132203203211
01132211303211
01132212203211
01132230203211
01132232003211
01133011330033
01133012230033
01133013130033
01133101330033
01133101330122
01133102230033
01133102230122
01133103130033
01133103130122
01133120230122
01133121130122
01133130130122
01202030113011
01202300201100
01202301101100
01202302001100
01203002312211
01203011312211
01211030113011
01211301101100
01211302001100
01212002312211
01212003212211
01212011312211
01212012212211
01213031123022
01213031303211
01213032023022
01213032203211
01213033103211
01213121303211
01213123103211
01213202303211
01213203203211
01213211303211
01213212203211
01213213103211
01213230203211
01213231103211
01213232003211
01213301303121
01213301303211
01213302203121
01213302203211
01213303103121
01213303103211
01220030113011
01220300201100
01220301101100
01220302001100
01221002312211
01221003212211
01221011312211
01221012212211
01223032303122
01223033203122
01223101330122
01223102230122
01223103130122
01223120230122
01223121130122
01223123203122
01223130130122
01223212213122
01223212303122
01223213113122
01223213203122
01223302303122
01223302303212
01223303203122
01223303203212
01230011312211
01230012212211
01231030223022
01231031123022
01231031303211
01231032023022
01231032203211
01231033103211
01231121303211
01231123103211
01231202303211
01231203203211
01231211303211
01231212203211
01231213103211
01231230203211
01231231103211
01231232003211
01231301303121
01231301303211
01231302203211
01231303103121
01231303103211
01232032303122
01232033203122
01232101330122
01232102230122
01232103130122
01232120230122
01232121130122
01232122030122
01232122303122
01232123203122
01232130130122
01232131030122
01232212213122
01232212303122
01232213113122
01232213203122
01232302303122
01232302303212
01232303203122
01232303203212
01300100210100
01300102010100
01300120010100
01300121002100
01301020120200
01301030112120
01301031012120
01301200120200
01301301101100
01301302001100
01302002312211
01302003212211
01302011312211
01302012212211
01302030212211
01302030212300
01302032012211
01302032012300
01302120212300
01302122012300
01302210212030
01302210212300
01302212012030
01302212012300
01302300212300
01302302012300
01303020320022
01303020320311
01303022120022
01303022120311
01303023020022
01303023020311
01303200320022
01303201220022
01303202120022
01303203020022
01310020120200
01310021020200
01310030112120
01310031012120
01310110120200
01310200120200
01310201020200
01310300201100
01310301101100
01310302001100
01311002312211
01311003212211
01311011312211
01311012212211
01311030212211
01311030212300
01311032012211
01311032012300
01311210212030
01311210212300
01311212012030
01311212012300
01311300212300
01311302012300
01312020320022
01312020320311
01312021220022
01312021220311
01312022120022
01312022120311
01312023020022
01312023020311
01312200320022
01312201220022
01312202120022
01312203020022
01313101330122
01313102230122
01313103130122
01313120230122
01313121130122
01320011312211
01320012212211
01320030212211
01320030212300
01320032012211
01320032012300
01320120212300
01320122012300
01320210212030
01320210212300
01320212012030
01320212012300
01320300212300
01320302012300
01321020320022
01321020320311
01321021220022
01321021220311
01321022120022
01321022120311
01321023020022
01321023020311
01321200320022
01321201220022
01321202120022
01321203020022
01322101330122
01322102230122
01322103130122
01322120230122
01322121130122
01322122030122
01323321121122
01323322021122
01330020320022
01330020320311
01330021220022
01330021220311
01330022120022
01330022120311
01330023020022
01330023020311
01330200320022
01330201220022
01330202120022
01330203020022
01331101330122
01331102230122
01331103130122
01331120230122
01331121130122
01331122030122
01332030332322
01332031232322
01332031322322
01332032132322
01332032312033
01332033032322
01332033122322
01332033212033
01332120332322
01332121232322
01332122132322
01332122312033
01332123032322
01332123212033
01332210332322
01332211232322
01332212132322
01332212312033
01332212312303
01332213032322
01332213212033
01332213212303
01332300332322
01332301232322
01332301321122
01332302132322
01332302312033
01332303032322
01332303121122
01332303212033
01332321121122
01332322021122
01332330121122
01332331021122
02002010210100
02002010210200
02002012010100
02002012010200
02002100210100
02002102010100
02002120010100
02003010130300
02003010310011
02003011030300
02003011210011
02003012110011
02003013010011
02003020302200
02003021202200
02003022102200
02003023002200
02003100130300
02003100220011
02003100310011
02003101030300
02003101120011
02003101210011
02003102020011
02003102110011
02003103010011
02003200302200
02003201202200
02003202102200
02003203002200
02003301101100
02003302001100
02011012010100
02011012010200
02012010130300
02012010310011
02012011030300
02012011210011
02012012110011
02012013010011
02012020302200
02012021202200
02012022102200
02012023002200
02012100130300
02012100220011
02012100310011
02012101030300
02012101120011
02012101210011
02012102020011
02012102110011
02012103010011
02012200302200
02012201202200
02012202102200
02012203002200
02012301101100
02012302001100
02013002312211
02013011312211
02013032012211
02020010210100
02020010210200
02020012010100
02020012010200
02020100210100
02020102010100
02020120010100
02021010130300
02021010310011
02021011030300
02021011210011
02021012110011
02021013010011
02021020302200
02021021202200
02021022102200
02021023002200
02021200302200
02021201202200
02021202102200
02021203002200
02021301101100
02021302001100
02023020322311
02023022122311
02023022302022
02023023022311
02023023202022
02023110322311
02023112122311
02023113022311
02023200322311
02023202122311
02023202302022
02023202302311
02023202303211
02023203022311
02023203202022
02023203202311
02023211303211
02023213103211
02023231103211
02023232003211
02030010130300
02030010310011
02030011030300
02030011210011
02030012110011
02030013010011
02030020302200
02030021202200
02030022102200
02030023002200
02030100130300
02030100220011
02030100310011
02030101030300
02030101120011
02030101210011
02030102020011
02030102110011
02030103010011
02030200302200
02030201202200
02030202102200
02030203002200
02030301101100
02030302001100
02031002312211
02031003212211
02031011312211
02031012212211
02031030212211
02031032012211
02032020322311
02032022122311
02032022302022
02032023022311
02032023202022
02032110322311
02032113022311
02032200322311
02032202122311
02032202302022
02032202302311
02032202303211
02032203022311
02032203202022
02032203202311
02032211303211
02032213103211
02032231103211
02032232003211
02033011330033
02033013130033
02033101330033
02033101330122
02033102230033
02033102230122
02033103130033
02033103130122
02033120230122
02033121130122
02033122030122
02033130130122
02033131030122
02102030113011
02102031013011
02102301101100
02102302001100
02103002312211
02103011312211
02113030223022
02113031123022
02113031303211
02113033103211
02113121303211
02113123103211
02113202303211
02113211303211
02113213103211
02113231103211
02113232003211
02113301303121
02113301303211
02113303103121
02113303103211
02120030113011
02120031013011
02120301101100
02120302001100
02121002312211
02121003212211
02121011312211
02121012212211
02122030223022
02122031123022
02122031303211
02122033103211
02122123103211
02122301303121
02122301303211
02122303103121
02122303103211
02123032303122
02123033203122
02123101330122
02123102230122
02123103130122
02123120230122
02123121130122
02123122030122
02123122303122
02123123203122
02123130130122
02123131030122
02123212213122
02123212303122
02123213113122
02123213203122
02123302303122
02123302303212
02123303203122
02123303203212
02130011312211
02130012212211
02131030223022
02131031123022
02131031303211
02131033103211
02131121303211
02131123103211
02131202303211
02131211303211
02131213103211
02131231103211
02131232003211
02131301303121
02131301303211
02131303103121
02131303103211
02132032303122
02132033203122
02132101330122
02132102230122
02132103130122
02132120230122
02132121130122
02132122030122
02132122303122
02132123203122
02132130130122
02132131030122
02132212213122
02132212303122
02132302303122
02132302303212
02132303203122
02132303203212
02200100210100
02200102010100
02200120010100
02201020120200
02201030112120
02201031012120
02201200120200
02201301101100
02201302001100
02202210212030
02202210212300
02202212012030
02202212012300
02202300212300
02202302012300
02203020320022
02203020320311
02203021220022
02203021220311
02203022120022
02203022120311
02203023020022
02203023020311
02203200320022
02203201220022
02203202120022
02203203020022
02210020120200
02210021020200
02210030112120
02210031012120
02210110120200
02210200120200
02210201020200
02210301101100
02210302001100
02211002312211
02211003212211
02211011312211
02211012212211
02211030212211
02211030212300
02211032012211
02211032012300
02211210212030
02211210212300
02211300212300
02211302012300
02212020320022
02212020320311
02212021220022
02212021220311
02212022120022
02212022120311
02212023020022
02212023020311
02212200320022
02212201220022
02212202120022
02212203020022
02213101330122
02213102230122
02213103130122
02213120230122
02213121130122
02213122030122
02230020320022
02230020320311
02230021220022
02230021220311
02230022120022
02230022120311
02230023020022
02230023020311
02230200320022
02230201220022
02230202120022
02230203020022
02231101330122
02231102230122
02231103130122
02231120230122
02231121130122
02231122030122
02232030332322
02232031232322
02232031322322
02232032132322
02232032312033
02232033032322
02232033122322
02232033212033
02232120332322
02232121232322
02232122132322
02232123032322
02232210332322
02232211232322
02232212132322
02232212312033
02232212312303
02232213032322
02232213212033
02232213212303
02232300332322
02232301232322
02232301321122
02232302132322
02232302312033
02232303032322
02232303121122
02232303212033
02232321121122
02232322021122
02232330121122
02232331021122
02233031332233
02233032232233
02233033132233
02233121332233
02233123132233
02233211332233
02233212232233
02300121101100
02300122001100
02300212001100
02300212001200
02300301101100
02300302001100
02301002312211
02301003212211
02301011312211
02301012212211
02301030121300
02301030212211
02301030301011
02301031021300
02301031201011
02301032012211
02301032101011
02301033001011
02301120121030
02301120121300
02301120301011
02301121021030
02301121021300
02301121201011
02301122101011
02301123001011
02301210121300
02301210301011
02301211021300
02301211201011
02301213001011
02301300121300
02301300211011
02301300301011
02301301021300
02301301201011
02301302011011
02301302101011
02301303001011
02302202303211
02302211303211
02302213103211
02302231103211
02302232003211
02303130313311
02303131213311
02303132113311
02303133013311
02303310313022
02303310313311
02303311213022
02303311213311
02303312113022
02303312113311
02303313013022
02303313013311
02310011312211
02310012212211
02310030121300
02310030212211
02310030301011
02310031021300
02310031201011
02310032012211
02310032101011
02310033001011
02310120121030
02310120121300
02310120301011
02310121021030
02310121021300
02310121201011
02310122101011
02310123001011
02310210121300
02310210301011
02310212101011
02310213001011
02310300121300
02310300211011
02310300301011
02310301021300
02310301201011
02310302011011
02310302101011
02310303001011
02311202303211
02311211303211
02311213103211
02311231103211
02311232003211
02312130313311
02312131213311
02312132113311
02312133013311
02312310313022
02312310313311
02312311213022
02312311213311
02312312113022
02312312113311
02312313013022
02312313013311
02313321121122
02313322021122
02320202303211
02320211303211
02320213103211
02320231103211
02320232003211
02321130313311
02321131213311
02321132113311
02321133013311
02321310313022
02321310313311
02321311213022
02321311213311
02321312113022
02321312113311
02321313013022
02321313013311
02322031321033
02322033121033
02322121321033
02322121321303
02322123121033
02322123121303
02322301321033
02322301321122
02322303121033
02322303121122
02322321121122
02322322021122
02322330121122
02322331021122
02323031332233
02323032232233
02323033132233
02323132313133
02323133213133
02323302321213
02323303221213
02323312313133
02323313213133
02330130313311
02330131213311
02330132113311
02330133013311
02330310313022
02330310313311
02330311213022
02330311213311
02330312113022
02330312113311
02330313013022
02330313013311
02331031321033
02331033121033
02331121321033
02331121321303
02331123121033
02331123121303
02331211321033
02331213121033
02331301321033
02331301321122
02331303121033
02331303121122
02331321121122
02331322021122
02331330121122
02331331021122
02332031332233
02332032232233
02332133213133
02332302321213
02332303221213
02332313213133
03002030113011
03002031013011
03002300201100
03002301101100
03002302001100
03003002312211
03003011312211
03011030113011
03011031013011
03011301101100
03011302001100
03012002312211
03012003212211
03012011312211
03012012212211
03013030223022
03013031123022
03013031303211
03013032023022
03013032203211
03013033103211
03013121303211
03013123103211
03013202303211
03013203203211
03013211303211
03013212203211
03013213103211
03013230203211
03013231103211
03013232003211
03013301303121
03013301303211
03013302203121
03013302203211
03013303103121
03013303103211
03020030113011
03020031013011
03020300201100
03020301101100
03020302001100
03021002312211
03021003212211
03021011312211
03021012212211
03022030223022
03022031123022
03022031303211
03022032023022
03022032203211
03022033103211
03022123103211
03022301303121
03022301303211
03022302203121
03022302203211
03022303103121
03022303103211
03023032303122
03023033203122
03023101330122
03023102230122
03023103130122
03023120230122
03023121130122
03023122030122
03023122303122
03023123203122
03023130130122
03023131030122
03023212213122
03023212303122
03023213113122
03023213203122
03023302303122
03023302303212
03023303203122
03023303203212
03030011312211
03030012212211
03031030223022
03031031123022
03031031303211
03031032023022
03031032203211
03031033103211
03031121303211
03031123103211
03031301303121
03031301303211
03031302203211
03031303103121
03031303103211
03032032303122
03032033203122
03032212213122
03032212303122
03032213113122
03032213203122
03032302303122
03032302303212
03032303203122
03032303203212
03100100210100
03100102010100
03100120010100
03100120102100
03100121002100
03101020120200
03101030112120
03101031012120
03101200120200
03101301101100
03101302001100
03102002312211
03102003212211
03102011312211
03102012212211
03102030212211
03102030212300
03102032012211
03102032012300
03102120212300
03102122012300
03102210212030
03102210212300
03102212012030
03102212012300
03102300212300
03102302012300
03103020320022
03103020320311
03103021220022
03103021220311
03103022120022
03103022120311
03103023020022
03103023020311
03103200320022
03103201220022
03103202120022
03103203020022
03110020120200
03110021020200
03110030112120
03110031012120
03110110120200
03110200120200
03110201020200
03110300201100
03110301101100
03110302001100
03112021220022
03112021220311
03112022120022
03112022120311
03112023020022
03112023020311
03112200320022
03112201220022
03112202120022
03112203020022
03113101330122
03113102230122
03113103130122
03113120230122
03113121130122
03113122030122
03120011312211
03120012212211
03120030212211
03120030212300
03120032012211
03120032012300
03120120212300
03120122012300
03120210212030
03120210212300
03120212012030
03120212012300
03121020320022
03121020320311
03121021220022
03121021220311
03121022120022
03121022120311
03121023020022
03121023020311
03123321121122
03123322021122
03130020320022
03130020320311
03130021220022
03130021220311
03130022120022
03130022120311
03130023020022
03130023020311
03130200320022
03130201220022
03130202120022
03130203020022
03131101330122
03131102230122
03131103130122
03131120230122
03131121130122
03131122030122
03132030332322
03132031232322
03132031322322
03132032132322
03132032312033
03132033032322
03132033122322
03132033212033
03132120332322
03132121232322
03132122132322
03132122312033
03132123032322
03132123212033
03132210332322
03132211232322
03132212132322
03132212312033
03132212312303
03132300332322
03132301232322
03132301321122
03132302132322
03132302312033
03132303032322
03132303121122
03132303212033
03132321121122
03132322021122
03132330121122
03132331021122
03133031332233
03133032232233
03133033132233
03133121332133
03133121332233
03133123132133
03133123132233
03133211332233
03133212232233
03200121101100
03200122001100
03200210201100
03200210201200
03200212001100
03200212001200
03200300201100
03200301101100
03200302001100
03201002312211
03201003212211
03201011312211
03201012212211
03201030121300
03201030212211
03201030301011
03201031021300
03201031201011
03201032012211
03201032101011
03201033001011
03201121021030
03201121021300
03201121201011
03201122101011
03201123001011
03201210121300
03201210301011
03201211021300
03201211201011
03201212101011
03201213001011
03201300121300
03201300211011
03201300301011
03201301021300
03201301201011
03201302011011
03201302101011
03201303001011
03202202303211
03202203203211
03202211303211
03202212203211
03202213103211
03202230203211
03202231103211
03202232003211
03203130313311
03203131213311
03203132113311
03203133013311
03203310313022
03203310313311
03203311213022
03203311213311
03203312113022
03203312113311
03203313013022
03203313013311
03210011312211
03210012212211
03210030121300
03210030212211
03210030301011
03210031021300
03210031201011
03210032012211
03210032101011
03210033001011
03210120121030
03210120121300
03210120301011
03210121021030
03210121021300
03210121201011
03210122101011
03210123001011
03210210121300
03210210301011
03210212101011
03210213001011
03212310313022
03212310313311
03212311213022
03212311213311
03212312113022
03212312113311
03212313013022
03212313013311
03213321121122
03213322021122
03220202303211
03220203203211
03220211303211
03220212203211
03220213103211
03220230203211
03220231103211
03220232003211
03221130313311
03221131213311
03221132113311
03221133013311
03221310313022
03221310313311
03221311213022
03221311213311
03221312113022
03221312113311
03223031332233
03223032232233
03223033132233
03223132313133
03223133213133
03223223213133
03223302321213
03223303221213
03223312313133
03223313213133
03230130313311
03230131213311
03230132113311
03230133013311
03230310313022
03230310313311
03230311213022
03230311213311
03230312113022
03230312113311
03230313013022
03230313013311
03231031321033
03231033121033
03231121321033
03231121321303
03231123121033
03231123121303
03231211321033
03231213121033
03231301321033
03231301321122
03231303121033
03231303121122
03231321121122
03231322021122
03231330121122
03231331021122
03232031332233
03232032232233
03232133213133
03232302321213
03232303221213
03232313213133
03233212331233
03233213231233
03233213323233
03233231323233
03233233123233
03301030130121
03301030130211
03301031030121
03301031030211
03301120130211
03301120220211
03301121030211
03301121120211
03301300130211
03301301030211
03302030230122
03302030230212
03302031130122
03302032030122
03302032030212
03302210230122
03302212030122
03302300230122
03302301130122
03302301310311
03302302030122
03302302210311
03302303110311
03303321121122
03303322021122
03310030130121
03310030130211
03310031030121
03310031030211
03310120130211
03310120220211
03310121030211
03310121120211
03310202303211
03310203203211
03310210130211
03310211030211
03310211303211
03310212203211
03310213103211
03310230203211
03310231103211
03310232003211
03310300130211
03310301030211
03311030230122
03311030230212
03311031130122
03311031130212
03311032030122
03311032030212
03311210230122
03311300230122
03311301130122
03311301310311
03311302030122
03311302210311
03311303110311
03312301321122
03312303121122
03312321121122
03312322021122
03312330121122
03312331021122
03313031332233
03313032232233
03313033132233
03313302320322
03313303220322
03320030230122
03320030230212
03320031130122
03320031130212
03320032030122
03320032030212
03320101330122
03320102230122
03320103130122
03320120230122
03320121130122
03320122030122
03320130130122
03320131030122
03320210230122
03320212030122
03320300230122
03320301130122
03320301310311
03320302030122
03320302210311
03320303110311
03321301321122
03321303121122
03321321121122
03321322021122
03321330121122
03321331021122
03322031332233
03322032232233
03322302320322
03322303220322
10012010301100
10012012101100
10012013001100
10012100210100
10012100301100
10012101201100
10012102010100
10012102101100
10012103001100
10012120010100
10013011301011
10013012201011
10013013101011
10013101301011
10013102201011
10013103101011
10013300201100
10013301101100
10013302001100
10021010301100
10021012101100
10021013001100
10021100210100
10021100301100
10021100301200
10021101201100
10021101201200
10021103001100
10021103001200
10022010221030
10022010221300
10022012201011
10022013101011
10022100221300
10022101121300
10022101301011
10022102201011
10022103101011
10022300201100
10022301101100
10022302001100
10030010301100
10030012101100
10030013001100
10030100210100
10030100301100
10030100301200
10030101201100
10030101201200
10030102010100
10030102101100
10030102101200
10030103001100
10030103001200
10030120010100
10031010221030
10031010221300
10031011301011
10031012201011
10031013101011
10031100221300
10031101121300
10031101301011
10031103101011
10031301101100
10031302001100
10033202303211
10033203203211
10033211303211
10033212203211
10033213103211
10033230203211
10033231103211
10033232003211
10102010210100
10102012010100
10102100210100
10102102010100
10102120010100
10103010130300
10103010310011
10103011030300
10103011210011
10103012110011
10103013010011
10103020302200
10103021202200
10103022102200
10103023002200
10103100130300
10103100220011
10103100310011
10103101030300
10103101120011
10103101210011
10103102020011
10103102110011
10103103010011
10103200302200
10103201202200
10103202102200
10103203002200
10103300201100
10103301101100
10103302001100
10112010130300
10112010310011
10112012110011
10112013010011
10112021202200
10112022102200
10112023002200
10112100130300
10112100220011
10112100310011
10112101030300
10112101120011
10112101210011
10112102020011
10112102110011
10112103010011
10112200302200
10112201202200
10112202102200
10112203002200
10112300201100
10112301101100
10112302001100
10113002312211
10113011312211
10113032012211
10120010210100
10120012010100
10120100210100
10120102010100
10120120010100
10121010130300
10121010310011
10121011030300
10121011210011
10121012110011
10121013010011
10121100130300
10121100220011
10121100310011
10121101030300
10121101120011
10121101210011
10121103010011
10121301101100
10121302001100
10122002312211
10122003212211
10122011312211
10122012212211
10122030212211
10122032012211
10123020322311
10123022122311
10123022302022
10123023022311
10123023202022
10123110322022
10123110322311
10123112122022
10123112122311
10123112302022
10123113022022
10123113022311
10123113202022
10123200322311
10123202122311
10123202302022
10123202302311
10123202303211
10123203022311
10123203202022
10123203202311
10123203203211
10123211303211
10123212203211
10123213103211
10123230203211
10123231103211
10123232003211
10130010130300
10130010310011
10130011030300
10130011210011
10130012110011
10130013010011
10130020302200
10130021202200
10130022102200
10130023002200
10130100130300
10130100220011
10130100310011
10130101030300
10130101120011
10130101210011
10130102020011
10130102110011
10130103010011
10130200302200
10130201202200
10130202102200
10130203002200
10130300201100
10130301101100
10130302001100
10131002312211
10131003212211
10131011312211
10131012212211
10131030212211
10131032012211
10132020322311
10132022122311
10132022302022
10132023022311
10132023202022
10132110322022
10132110322311
10132113022022
10132113022311
10132113202022
10132200322311
10132202122311
10132202302022
10132202302311
10132202303211
10132203022311
10132203202022
10132203202311
10132203203211
10132211303211
10132212203211
10132230203211
10132232003211
10133011330033
10133012230033
10133013130033
10133101330033
10133101330122
10133102230033
10133102230122
10133103130033
10133103130122
10133120230122
10133121130122
10133130130122
10202030113011
10202300201100
10202301101100
10202302001100
10203002312211
10203011312211
10203032012211
10211030113011
10211301101100
10211302001100
10212002312211
10212003212211
10212011312211
10212012212211
10212030212211
10212032012211
10213031123022
10213031303211
10213032023022
10213032203211
10213033103211
10213121303211
10213123103211
10213202303211
10213203203211
10213211303211
10213212203211
10213213103211
10213230203211
10213231103211
10213232003211
10213301303121
10213301303211
10213302203121
10213302203211
10213303103121
10213303103211
10220030113011
10220300201100
10220301101100
10220302001100
10221002312211
10221003212211
10221011312211
10221012212211
10221030212211
10221032012211
10223032303122
10223033203122
10223101330122
10223102230122
10223103130122
10223120230122
10223121130122
10223123203122
10223130130122
10223212303122
10223213203122
10223302303122
10223302303212
10223303203122
10223303203212
10230011312211
10230012212211
10230030212211
10230032012211
10231030223022
10231031123022
10231031303211
10231032023022
10231032203211
10231033103211
10231121303211
10231123103211
10231202303211
10231203203211
10231211303211
10231212203211
10231213103211
10231230203211
10231231103211
10231232003211
10231301303121
10231301303211
10231302203211
10231303103121
10231303103211
10232101330122
10232102230122
10232103130122
10232130130122
10232131030122
10300100210100
10300102010100
10300120010100
10300121002100
10301030112120
10301031012120
10301301101100
10301302001100
10302002312211
10302003212211
10302011312211
10302012212211
10302030212211
10302030212300
10302032012211
10302032012300
10302120212300
10302122012300
10302210212030
10302210212300
10302212012030
10302212012300
10302300212300
10302302012300
10303020320022
10303020320311
10303022120022
10303022120311
10303023020022
10303023020311
10303200320022
10303201220022
10303202120022
10303203020022
10310020120200
10310021020200
10310030112120
10310031012120
10310110120200
10310200120200
10310201020200
10310300201100
10310301101100
10310302001100
10311002312211
10311003212211
10311011312211
10311012212211
10311030212211
10311030212300
10311032012211
10311032012300
10311210212030
10311210212300
10311212012030
10311212012300
10311300212300
10311302012300
10312020320022
10312020320311
10312021220022
10312021220311
10312022120022
10312022120311
10312023020022
10312023020311
10312200320022
10312201220022
10312202120022
10312203020022
10313101330122
10313102230122
10313103130122
10313120230122
10313121130122
10313130130122
10320011312211
10320012212211
10320030212211
10320030212300
10320032012211
10320032012300
10320120212300
10320122012300
10320210212030
10320210212300
10320212012030
10320212012300
10320300212300
10320302012300
10321020320022
10321020320311
10321021220022
10321021220311
10321022120022
10321022120311
10321023020022
10321023020311
10321200320022
10321201220022
10321202120022
10321203020022
10322101330122
10322102230122
10322103130122
10322130130122
10322131030122
10323030332322
10323031232322
10323031322322
10323032132322
10323032312033
10323033032322
10323033122322
10323033212033
10323120332322
10323121232322
10323123032322
10323123212033
10323210332322
10323211232322
10323212132322
10323212312033
10323212312303
10323213032322
10323213212033
10323213212303
10323300332322
10323301232322
10323301321122
10323302132322
10323302312033
10323303032322
10323303121122
10323303212033
10323321121122
10323322021122
10330020320022
10330020320311
10330021220022
10330021220311
10330022120022
10330022120311
10330023020022
10330023020311
10330200320022
10330201220022
10330202120022
10330203020022
10331101330122
10331102230122
10331103130122
10331120230122
10331121130122
10331122030122
10331130130122
10331131030122
10332030332322
10332031232322
10332031322322
10332032132322
10332032312033
10332033032322
10332033122322
10332033212033
10332120332322
10332121232322
10332122132322
10332122312033
10332123032322
10332123212033
10332210332322
10332211232322
10332212132322
10332212312033
10332212312303
10332213032322
10332213212033
10332213212303
10332300332322
10332301232322
10332301321122
10332302132322
10332302312033
10332303032322
10332303121122
10332303212033
10332321121122
10332322021122
10332330121122
10332331021122
11002010210100
11002012010100
11002100210100
11002102010100
11002120010100
11003010130300
11003010310011
11003011030300
11003011210011
11003012110011
11003013010011
11003020302200
11003021202200
11003022102200
11003023002200
11003100130300
11003100220011
11003100310011
11003101030300
11003101120011
11003101210011
11003102020011
11003102110011
11003103010011
11003200302200
11003201202200
11003202102200
11003203002200
11003301101100
11003302001100
11011012010100
11012010130300
11012010310011
11012011030300
11012011210011
11012012110011
11012013010011
11012020302200
11012021202200
11012022102200
11012023002200
11012100130300
11012100220011
11012100310011
11012101030300
11012101120011
11012101210011
11012102020011
11012102110011
11012103010011
11012200302200
11012201202200
11012202102200
11012203002200
11012301101100
11012302001100
11013002312211
11013011312211
11013032012211
11020010210100
11020012010100
11020100210100
11020102010100
11020120010100
11021010130300
11021010310011
11021011030300
11021011210011
11021012110011
11021013010011
11021301101100
11021302001100
11023020322311
11023022122311
11023022302022
11023023022311
11023023202022
11023110322311
11023112122311
11023113022311
11023200322311
11023202122311
11023202302022
11023202302311
11023202303211
11023203022311
11023203202022
11023203202311
11023211303211
11023213103211
11023231103211
11023232003211
11030010130300
11030010310011
11030011030300
11030011210011
11030012110011
11030013010011
11030020302200
11030021202200
11030022102200
11030023002200
11030100130300
11030100220011
11030100310011
11030101030300
11030101120011
11030101210011
11030102020011
11030102110011
11030103010011
11030200302200
11030201202200
11030202102200
11030203002200
11030301101100
11030302001100
11031002312211
11031003212211
11031011312211
11031012212211
11031030212211
11031032012211
11032020322311
11032022122311
11032022302022
11032023022311
11032023202022
11032110322311
11032113022311
11032200322311
11032202122311
11032202302022
11032202302311
11032202303211
11032203022311
11032203202022
11032203202311
11032211303211
11032213103211
11032231103211
11032232003211
11033011330033
11033013130033
11033101330033
11033101330122
11033102230033
11033102230122
11033103130033
11033103130122
11033120230122
11033121130122
11033122030122
11033130130122
11033131030122
11200100210100
11200102010100
11200120010100
11201030112120
11201031012120
11201301101100
11201302001100
11202210212030
11202210212300
11202212012030
11202212012300
11202300212300
11202302012300
11203020320022
11203020320311
11203021220022
11203021220311
11203022120022
11203022120311
11203023020022
11203023020311
11203200320022
11203201220022
11203202120022
11203203020022
11210020120200
11210021020200
11210030112120
11210031012120
11210110120200
11210200120200
11210201020200
11210301101100
11210302001100
11211002312211
11211003212211
11211011312211
11211012212211
11211030212211
11211030212300
11211032012211
11211032012300
11211210212030
11211210212300
11211300212300
11211302012300
11212020320022
11212020320311
11212021220022
11212021220311
11212022120022
11212022120311
11212023020022
11212023020311
11212200320022
11212201220022
11212202120022
11212203020022
11213101330122
11213102230122
11213103130122
11213120230122
11213121130122
11213122030122
11213130130122
11213131030122
11220011312211
11220012212211
11220030212211
11220030212300
11220032012211
11220032012300
11220210212030
11220210212300
11220212012030
11220212012300
11220300212300
11220302012300
11221020320022
11221020320311
11221021220022
11221021220311
11221022120022
11221022120311
11221023020022
11221023020311
11221200320022
11221201220022
11221202120022
11221203020022
11223030332322
11223031232322
11223031322322
11223032132322
11223032312033
11223033032322
11223033122322
11223033212033
11223120332322
11223121232322
11223123032322
11223210332322
11223211232322
11223212132322
11223212312033
11223212312303
11223213032322
11223213212033
11223213212303
11223300332322
11223301232322
11223301321122
11223302132322
11223302312033
11223303032322
11223303121122
11223303212033
11223321121122
11223322021122
11230020320022
11230020320311
11230021220022
11230021220311
11230022120022
11230022120311
11230023020022
11230023020311
11230200320022
11230201220022
11230202120022
11230203020022
11231101330122
11231102230122
11231103130122
11231120230122
11231121130122
11231122030122
11231130130122
11231131030122
11232030332322
11232031232322
11232031322322
11232032132322
11232032312033
11232033032322
11232033122322
11232033212033
11232120332322
11232121232322
11232122132322
11232123032322
11232210332322
11232211232322
11232212132322
11232212312033
11232212312303
11232213032322
11232213212033
11232213212303
11232300332322
11232301232322
11232301321122
11232302132322
11232302312033
11232303032322
11232303121122
11232303212033
11232321121122
11232322021122
11232330121122
11232331021122
11233031332233
11233032232233
11233033132233
11233121332233
11233123132233
11233211332233
11233212232233
11300121101100
11300122001100
11300212001100
11300212001200
11300301101100
11300302001100
11301002312211
11301003212211
11301011312211
11301012212211
11301030121300
11301030212211
11301030301011
11301031021300
11301031201011
11301032012211
11301032101011
11301033001011
11301120121030
11301120121300
11301120301011
11301121021030
11301121021300
11301121201011
11301122101011
11301123001011
11301210121300
11301210301011
11301211021300
11301211201011
11301213001011
11301300121300
11301300211011
11301300301011
11301301021300
11301301201011
11301302011011
11301302101011
11301303001011
11302202303211
11302211303211
11302213103211
11302231103211
11302232003211
11303130313311
11303131213311
11303132113311
11303133013311
11303310313022
11303310313311
11303311213022
11303311213311
11303312113022
11303312113311
11303313013022
11303313013311
11310011312211
11310012212211
11310030121300
11310030212211
11310030301011
11310031021300
11310031201011
11310032012211
11310032101011
11310033001011
11310120121030
11310120121300
11310120301011
11310121021030
11310121021300
11310121201011
11310122101011
11310123001011
11310210121300
11310210301011
11310212101011
11310213001011
11310300121300
11310300211011
11310300301011
11310301021300
11310301201011
11310302011011
11310302101011
11310303001011
11311202303211
11311211303211
11311213103211
11311231103211
11311232003211
11312130313311
11312131213311
11312132113311
11312133013311
11312310313022
11312310313311
11312311213022
11312311213311
11312312113022
11312312113311
11312313013022
11312313013311
11313031321033
11313033121033
11313121321033
11313121321303
11313123121033
11313123121303
11313211321033
11313213121033
11313301321033
11313301321122
11313303121033
11313303121122
11313321121122
11313322021122
11320202303211
11320211303211
11320213103211
11320231103211
11320232003211
11321130313311
11321131213311
11321132113311
11321133013311
11321310313022
11321310313311
11321311213022
11321311213311
11321312113022
11321312113311
11321313013022
11321313013311
11322031321033
11322033121033
11322121321033
11322121321303
11322123121033
11322123121303
11322301321033
11322301321122
11322303121033
11322303121122
11322321121122
11322322021122
11322330121122
11322331021122
11323031332233
11323032232233
11323033132233
11323132313133
11323133213133
11323302321213
11323303221213
11323312313133
11323313213133
11330130313311
11330131213311
11330132113311
11330133013311
11330310313022
11330310313311
11330311213022
11330311213311
11330312113022
11330312113311
11330313013022
11330313013311
11331031321033
11331033121033
11331121321033
11331121321303
11331123121033
11331123121303
11331211321033
11331213121033
11331301321033
11331301321122
11331303121033
11331303121122
11331321121122
11331322021122
11331330121122
11331331021122
11332031332233
11332032232233
11332133213133
11332302321213
11332303221213
11332313213133
12002030113011
12002031013011
12002300201100
12002301101100
12002302001100
12003002312211
12003011312211
12003032012211
12011030113011
12011031013011
12011301101100
12011302001100
12012002312211
12012003212211
12012011312211
12012012212211
12012030212211
12012032012211
12013030223022
12013031123022
12013031303211
12013032023022
12013032203211
12013033103211
12013121303211
12013123103211
12013202303211
12013203203211
12013211303211
12013212203211
12013213103211
12013230203211
12013231103211
12013232003211
12013301303121
12013301303211
12013302203121
12013302203211
12013303103121
12013303103211
12020030113011
12020031013011
12020300201100
12020301101100
12020302001100
12021002312211
12021003212211
12021011312211
12021012212211
12021030212211
12021032012211
12022030223022
12022031123022
12022031303211
12022032023022
12022032203211
12022033103211
12022123103211
12022301303121
12022301303211
12022302203121
12022302203211
12022303103121
12022303103211
12023032303122
12023033203122
12023101330122
12023102230122
12023103130122
12023120230122
12023121130122
12023122030122
12023122303122
12023123203122
12023130130122
12023131030122
12023212303122
12023213203122
12023302303122
12023302303212
12023303203122
12023303203212
12030011312211
12030012212211
12030030212211
12030032012211
12031030223022
12031031123022
12031031303211
12031032023022
12031032203211
12031033103211
12031121303211
12031123103211
12031301303121
12031301303211
12031302203211
12031303103121
12031303103211
12100100210100
12100102010100
12100120010100
12100120102100
12100121002100
12101030112120
12101031012120
12101301101100
12101302001100
12102002312211
12102003212211
12102011312211
12102012212211
12102030212211
12102030212300
12102032012211
12102032012300
12102120212300
12102122012300
12102210212030
12102210212300
12102212012030
12102212012300
12102300212300
12102302012300
12103020320022
12103020320311
12103021220022
12103021220311
12103022120022
12103022120311
12103023020022
12103023020311
12103200320022
12103201220022
12103202120022
12103203020022
12110020120200
12110021020200
12110030112120
12110031012120
12110110120200
12110200120200
12110201020200
12110300201100
12110301101100
12110302001100
12112021220022
12112021220311
12112022120022
12112022120311
12112023020022
12112023020311
12112200320022
12112201220022
12112202120022
12112203020022
12113101330122
12113102230122
12113103130122
12113120230122
12113121130122
12113122030122
12113130130122
12113131030122
12120011312211
12120012212211
12120030212211
12120030212300
12120032012211
12120032012300
12120120212300
12120122012300
12120210212030
12120210212300
12120212012030
12120212012300
12121020320022
12121020320311
12121021220022
12121021220311
12121022120022
12121022120311
12121023020022
12121023020311
12123120332322
12123121232322
12123123032322
12123123212033
12123210332322
12123211232322
12123212132322
12123212312033
12123212312303
12123213032322
12123213212033
12123213212303
12123300332322
12123301232322
12123301321122
12123302132322
12123302312033
12123303032322
12123303121122
12123303212033
12123321121122
12123322021122
12130020320022
12130020320311
12130021220022
12130021220311
12130022120022
12130022120311
12130023020022
12130023020311
12130200320022
12130201220022
12130202120022
12130203020022
12131101330122
12131102230122
12131103130122
12131120230122
12131121130122
12131122030122
12131130130122
12131131030122
12132030332322
12132031232322
12132031322322
12132032132322
12132032312033
12132033032322
12132033122322
12132033212033
12132120332322
12132121232322
12132122132322
12132122312033
12132123032322
12132123212033
12132210332322
12132211232322
12132212132322
12132212312033
12132212312303
12132300332322
12132301232322
12132301321122
12132302132322
12132302312033
12132303032322
12132303121122
12132303212033
12132321121122
12132322021122
12132330121122
12132331021122
12133031332233
12133032232233
12133033132233
12133121332133
12133121332233
12133123132133
12133123132233
12133211332233
12133212232233
12200121101100
12200122001100
12200210201100
12200210201200
12200212001100
12200212001200
12200300201100
12200301101100
12200302001100
12201002312211
12201003212211
12201011312211
12201012212211
12201030121300
12201030212211
12201030301011
12201031021300
12201031201011
12201032012211
12201032101011
12201033001011
12201121021030
12201121021300
12201121201011
12201122101011
12201123001011
12201210121300
12201210301011
12201211021300
12201211201011
12201212101011
12201213001011
12201300121300
12201300211011
12201300301011
12201301021300
12201301201011
12201302011011
12201302101011
12201303001011
12202202303211
12202203203211
12202211303211
12202212203211
12202213103211
12202230203211
12202231103211
12202232003211
12203130313311
12203131213311
12203132113311
12203133013311
12203310313022
12203310313311
12203311213022
12203311213311
12203312113022
12203312113311
12203313013022
12203313013311
12210011312211
12210012212211
12210030121300
12210030212211
12210030301011
12210031021300
12210031201011
12210032012211
12210032101011
12210033001011
12210120121030
12210120121300
12210120301011
12210121021030
12210121021300
12210121201011
12210122101011
12210123001011
12210210121300
12210210301011
12210212101011
12210213001011
12212310313022
12212310313311
12212311213022
12212311213311
12212312113022
12212312113311
12212313013022
12212313013311
12213121321033
12213121321303
12213123121033
12213123121303
12213211321033
12213213121033
12213301321033
12213301321122
12213303121033
12213303121122
12213321121122
12213322021122
12230130313311
12230131213311
12230132113311
12230133013311
12230310313022
12230310313311
12230311213022
12230311213311
12230312113022
12230312113311
12230313013022
12230313013311
12231031321033
12231033121033
12231121321033
12231121321303
12231123121033
12231123121303
12231211321033
12231213121033
12231301321033
12231301321122
12231303121033
12231303121122
12231321121122
12231322021122
12231330121122
12231331021122
12232031332233
12232032232233
12232133213133
12232302321213
12232303221213
12232313213133
12233212331233
12233213231233
12233213323233
12233231323233
12233233123233
12301030130121
12301030130211
12301031030121
12301031030211
12301120130211
12301120220211
12301121030211
12301121120211
12301300130211
12301301030211
12303301321122
12303303121122
12303321121122
12303322021122
12310030130121
12310030130211
12310031030121
12310031030211
12310120130211
12310120220211
12310121030211
12310121120211
12310202303211
12310203203211
12310210130211
12310211030211
12310211303211
12310212203211
12310213103211
12310230203211
12310231103211
12310232003211
12310300130211
12310301030211
12311030230122
12311030230212
12311031130122
12311031130212
12311032030122
12311032030212
12311210230122
12311300230122
12311301130122
12311301310311
12311302030122
12311302210311
12311303110311
12312301321122
12312303121122
12312321121122
12312322021122
12312330121122
12312331021122
12313031332233
12313032232233
12313033132233
12313302320322
12313303220322
12320030230122
12320030230212
12320031130122
12320031130212
12320032030122
12320032030212
12320101330122
12320102230122
12320103130122
12320120230122
12320121130122
12320122030122
12320130130122
12320131030122
12320210230122
12320212030122
12320300230122
12320301130122
12320301310311
12320302030122
12320302210311
12320303110311
12321301321122
12321303121122
12321321121122
12321322021122
12321330121122
12321331021122
12322031332233
12322032232233
12322302320322
12322303220322
12330301321122
12330322021122
12330331021122
12331031332233
12331032232233
12331033132233
12331302320322
12331303220322
13001030112120
13001031012120
13001301101100
13001302001100
13002002312211
13002003212211
13002011312211
13002012212211
13002030212211
13002030212300
13002032012211
13002032012300
13002120212300
13002122012300
13002210212030
13002210212300
13002212012030
13002212012300
13002300212300
13002302012300
13003020320022
13003020320311
13003021220022
13003021220311
13003022120022
13003022120311
13003023020022
13003023020311
13003200320022
13003201220022
13003202120022
13003203020022
13010020120200
13010021020200
13010030112120
13010031012120
13010200120200
13010201020200
13010300201100
13010301101100
13010302001100
13011002312211
13011003212211
13011011312211
13011012212211
13011030212211
13011030212300
13011032012211
13011032012300
13011210212030
13011210212300
13011212012030
13011212012300
13011300212300
13011302012300
13012020320022
13012020320311
13012021220022
13012021220311
13012022120022
13012022120311
13012023020022
13012023020311
13012200320022
13012201220022
13012202120022
13012203020022
13013101330122
13013102230122
13013120230122
13013122030122
13013131030122
13020011312211
13020012212211
13020030212211
13020030212300
13020032012211
13020032012300
13020120212300
13020122012300
13020210212030
13020210212300
13020212012030
13020212012300
13020300212300
13020302012300
13021020320022
13021020320311
13021021220022
13021021220311
13021022120022
13021022120311
13021023020022
13021023020311
13021200320022
13021201220022
13021202120022
13021203020022
13022101330122
13022102230122
13022131030122
13023030332322
13023031232322
13023031322322
13023032132322
13023032312033
13023033032322
13023033122322
13023033212033
13023120332322
13023121232322
13023123032322
13023123212033
13023210332322
13023211232322
13023212132322
13023212312033
13023212312303
13023213032322
13023213212033
13023213212303
13023300332322
13023301232322
13023301321122
13023302132322
13023302312033
13023303032322
13023303121122
13023303212033
13023321121122
13023322021122
13030020320022
13030020320311
13030021220022
13030021220311
13030022120022
13030022120311
13030023020022
13030023020311
13030200320022
13030201220022
13030202120022
13030203020022
13031101330122
13031102230122
13031120230122
13031122030122
13031131030122
13032030332322
13032031232322
13032031322322
13032032132322
13032032312033
13032033032322
13032033122322
13032033212033
13032120332322
13032122132322
13032122312033
13032123032322
13032123212033
13032210332322
13032211232322
13032212132322
13032212312033
13032212312303
13032213032322
13032213212033
13032213212303
13032300332322
13032301232322
13032301321122
13032302132322
13032302312033
13032303032322
13032303121122
13032303212033
13032321121122
13032322021122
13032330121122
13032331021122
13033031332233
13033032232233
13033121332133
13033121332233
13033211332233
13033212232233
13100121101100
13100122001100
13100210201100
13100212001100
13100300201100
13100301101100
13100302001100
13101002312211
13101003212211
13101011312211
13101012212211
13101030121300
13101030212211
13101030301011
13101031021300
13101031201011
13101032012211
13101032101011
13101033001011
13101120121030
13101120121300
13101120301011
13101121021030
13101121021300
13101121201011
13101122101011
13101123001011
13101210301011
13101211201011
13101212101011
13101213001011
13101300121300
13101300211011
13101300301011
13101301021300
13101301201011
13101302011011
13101302101011
13101303001011
13102202303211
13102203203211
13102211303211
13102212203211
13102213103211
13102230203211
13102231103211
13102232003211
13103130313311
13103131213311
13103132113311
13103133013311
13103310313022
13103310313311
13103311213022
13103311213311
13103312113022
13103312113311
13103313013022
13103313013311
13110011312211
13110012212211
13110030121300
13110030212211
13110030301011
13110031021300
13110031201011
13110032012211
13110032101011
13110033001011
13110120121030
13110120121300
13110120301011
13110121021030
13110121021300
13110121201011
13110122101011
13110123001011
13110210301011
13110212101011
13110213001011
13110300121300
13110300211011
13110300301011
13110301021300
13110301201011
13110302011011
13110302101011
13110303001011
13112130313311
13112131213311
13112132113311
13112133013311
13112310313022
13112310313311
13112311213022
13112311213311
13112312113022
13112312113311
13112313013022
13112313013311
13113031321033
13113033121033
13113121321033
13113121321303
13113123121033
13113123121303
13113301321033
13113301321122
13113303121033
13113303121122
13113321121122
13113322021122
13120202303211
13120203203211
13120211303211
13120212203211
13120213103211
13120230203211
13120231103211
13120232003211
13121130313311
13121131213311
13121132113311
13121133013311
13121310313022
13121310313311
13121311213022
13121311213311
13121312113022
13121312113311
13121313013022
13121313013311
13122031321033
13122033121033
13122123121033
13122123121303
13122301321033
13122301321122
13122303121033
13122303121122
13122321121122
13122322021122
13122330121122
13122331021122
13123031332233
13123032232233
13123132313133
13123133213133
13123223213133
13123302321213
13123303221213
13123312313133
13123313213133
13130130313311
13130131213311
13130132113311
13130133013311
13130310313022
13130310313311
13130311213022
13130311213311
13130312113022
13130312113311
13130313013022
13130313013311
13131031321033
13131033121033
13131121321033
13131121321303
13131123121033
13131123121303
13132031332233
13132032232233
13132133213133
13132302321213
13132303221213
13132313213133
13133213323233
13133231323233
13133233123233
13201030130121
13201030130211
13201031030121
13201031030211
13201121030211
13201121120211
13201202303211
13201203203211
13201210130211
13201211030211
13201211303211
13201212203211
13201213103211
13201230203211
13201231103211
13201232003211
13201300130211
13201301030211
13202101330122
13202102230122
13202131030122
13203301321122
13203303121122
13203321121122
13203322021122
13210030130121
13210030130211
13210031030121
13210031030211
13210120130211
13210120220211
13210121030211
13210121120211
13210202303211
13210203203211
13210210130211
13210211030211
13210211303211
13210212203211
13210213103211
13210230203211
13210231103211
13210232003211
13210300130211
13210301030211
13211030230122
13211030230212
13211032030122
13211032030212
13211210230122
13211300230122
13211302030122
13211302210311
13211303110311
13212301321122
13212303121122
13212321121122
13212322021122
13212330121122
13212331021122
13213031332233
13213032232233
13213302320322
13213303220322
13220030230122
13220030230212
13220032030122
13220032030212
13220101330122
13220102230122
13220120230122
13220122030122
13220131030122
13220210230122
13220212030122
13220300230122
13220302030122
13220302210311
13220303110311
13230301321122
13230322021122
13230331021122
13231031332233
13231032232233
13231302320322
13231303220322
13300202303211
13300203203211
13300211303211
13300212203211
13300213103211
13300230203211
13300230203300
13300231103211
13300231103300
13300232003211
13300232003300
13300320203300
13300322003300
13301101330122
13301102230122
13301120230122
13301122030122
13301130131022
13301130131311
13301130311022
13301131030122
13301131031022
13301131031311
13301131211022
13301133011022
13301220311022
13301223011022
13301310131311
13301310311022
13301311031311
13301311211022
13301313011022
13302301321122
13302303121122
13302321121122
13302322021122
13302330121122
13302331021122
13303031332233
13303032232233
13303130331133
13303131231133
13303132131133
13303133031133
13303230323322
13303231223322
13303232123322
13303232303033
13303233023322
13303233203033
13303310331133
13303311231133
13303312131133
13303313031133
13303320323322
13303321223322
13303322123322
13303322303033
13303323023322
13303323203033
13310101330122
13310102230122
13310120230122
13310122030122
13310130131022
13310130131311
13310130311022
13310131030122
13310131031022
13310131031311
13310131211022
13310133011022
13310220311022
13310221211022
13310223011022
13310310131311
13310310311022
13310311031311
13310311211022
13310313011022
13312031332233
13312032232233
13312130331133
13312131231133
13312132131133
13312133031133
13312310331133
13312311231133
13312312131133
13312313031133
13312320323322
13312321223322
13312322123322
13312322303033
13312323023322
13312323203033
13313213323233
13313231323233
13313233123233
13313321323133
13313321323233
13313323123133
13313323123233
13320301321122
13320322021122
13320331021122
13321031332233
13321032232233
13321130331133
13321131231133
13321132131133
13321133031133
13321230323322
13321231223322
13321232123322
13321232303033
13321233023322
13321233203033
13321310331133
13321311231133
13321312131133
13321313031133
13321320323322
13321321223322
13321322123322
13321322303033
13321323023322
13321323203033
13322321323133
13322321323233
20011012010100
20011012010200
20012010130300
20012010310011
20012011030300
20012011210011
20012012110011
20012013010011
20012020302200
20012021202200
20012022102200
20012023002200
20012100130300
20012100310011
20012101030300
20012101210011
20012102110011
20012103010011
20012200302200
20012201202200
20012202102200
20012203002200
20012301101100
20012302001100
20013002312211
20013011312211
20013032012211
20020010210100
20020010210200
20020012010100
20020012010200
20020100210100
20020102010100
20020120010100
20021010130300
20021010310011
20021011030300
20021011210011
20021012110011
20021013010011
20021020302200
20021021202200
20021022102200
20021023002200
20021200302200
20021201202200
20021202102200
20021203002200
20021301101100
20021302001100
20023020322311
20023022122311
20023022302022
20023023022311
20023023202022
20023110322311
20023112122311
20023113022311
20023200322311
20023202122311
20023202302022
20023202302311
20023202303211
20023203022311
20023203202022
20023203202311
20023211303211
20023213103211
20023231103211
20023232003211
20030010130300
20030010310011
20030011030300
20030011210011
20030012110011
20030013010011
20030020302200
20030021202200
20030022102200
20030023002200
20030100130300
20030100310011
20030101030300
20030101210011
20030102110011
20030103010011
20030200302200
20030201202200
20030202102200
20030203002200
20030301101100
20030302001100
20031002312211
20031003212211
20031011312211
20031012212211
20031030212211
20031032012211
20032020322311
20032022122311
20032022302022
20032023022311
20032023202022
20032110322311
20032113022311
20032200322311
20032202122311
20032202302022
20032202302311
20032202303211
20032203022311
20032203202022
20032203202311
20032211303211
20032213103211
20032231103211
20032232003211
20033011330033
20033013130033
20033101330033
20033101330122
20033102230033
20033102230122
20033103130033
20033103130122
20033120230122
20033121130122
20033122030122
20033130130122
20033131030122
20102030113011
20102031013011
20102301101100
20102302001100
20103002312211
20103011312211
20103032012211
20113030223022
20113031123022
20113031303211
20113033103211
20113121303211
20113123103211
20113202303211
20113211303211
20113213103211
20113231103211
20113232003211
20113301303121
20113301303211
20113303103121
20113303103211
20120030113011
20120031013011
20120301101100
20120302001100
20121002312211
20121003212211
20121011312211
20121012212211
20121030212211
20121032012211
20122030223022
20122031123022
20122031303211
20122033103211
20122123103211
20122301303121
20122301303211
20122303103121
20122303103211
20123032303122
20123033203122
20123101330122
20123102230122
20123103130122
20123120230122
20123121130122
20123122030122
20123122303122
20123123203122
20123130130122
20123131030122
20123212213122
20123212303122
20123213113122
20123213203122
20123302303122
20123302303212
20123303203122
20123303203212
20130011312211
20130012212211
20130030212211
20130032012211
20131202303211
20131231103211
20131232003211
20132032303122
20132033203122
20132101330122
20132102230122
20132103130122
20132120230122
20132121130122
20132122030122
20132122303122
20132123203122
20132130130122
20132131030122
20132212213122
20132212303122
20132302303122
20132302303212
20132303203122
20132303203212
20200100210100
20200102010100
20200120010100
20201020120200
20201030112120
20201031012120
20201200120200
20201301101100
20201302001100
20202210212030
20202210212300
20202212012030
20202212012300
20202300212300
20202302012300
20203020320022
20203020320311
20203021220022
20203021220311
20203022120022
20203022120311
20203023020022
20203023020311
20203200320022
20203201220022
20203202120022
20203203020022
20210020120200
20210021020200
20210030112120
20210031012120
20210110120200
20210200120200
20210201020200
20210301101100
20210302001100
20211002312211
20211003212211
20211011312211
20211012212211
20211030212211
20211030212300
20211032012211
20211032012300
20211210212030
20211210212300
20211300212300
20211302012300
20212020320022
20212020320311
20212021220022
20212021220311
20212022120022
20212022120311
20212023020022
20212023020311
20212200320022
20212201220022
20212202120022
20212203020022
20213101330122
20213102230122
20213103130122
20213120230122
20213121130122
20213122030122
20213130130122
20213131030122
20220011312211
20220012212211
20220030212211
20220030212300
20220032012211
20220032012300
20220210212030
20220210212300
20220212012030
20220212012300
20220300212300
20220302012300
20221020320022
20221020320311
20221021220022
20221021220311
20221022120022
20221022120311
20221023020022
20221023020311
20221200320022
20221201220022
20221202120022
20221203020022
20223030332322
20223031232322
20223031322322
20223032132322
20223032312033
20223033032322
20223033122322
20223033212033
20223120332322
20223121232322
20223123032322
20223210332322
20223211232322
20223212132322
20223212312033
20223212312303
20223213032322
20223213212033
20223213212303
20223300332322
20223301232322
20223301321122
20223302132322
20223302312033
20223303032322
20223303121122
20223303212033
20223321121122
20223322021122
20230020320022
20230020320311
20230021220022
20230021220311
20230022120022
20230022120311
20230023020022
20230023020311
20230200320022
20230201220022
20230202120022
20230203020022
20231101330122
20231102230122
20231103130122
20231120230122
20231121130122
20231122030122
20231130130122
20231131030122
20232030332322
20232031232322
20232031322322
20232032132322
20232032312033
20232033032322
20232033122322
20232033212033
20232120332322
20232121232322
20232122132322
20232123032322
20232210332322
20232211232322
20232212132322
20232212312033
20232212312303
20232213032322
20232213212033
20232213212303
20232300332322
20232301232322
20232301321122
20232302132322
20232302312033
20232303032322
20232303121122
20232303212033
20232321121122
20232322021122
20232330121122
20232331021122
20233031332233
20233032232233
20233033132233
20233121332233
20233123132233
20233211332233
20233212232233
20300121101100
20300122001100
20300212001100
20300212001200
20300301101100
20300302001100
20301002312211
20301003212211
20301011312211
20301012212211
20301030121300
20301030212211
20301030301011
20301031021300
20301031201011
20301032012211
20301032101011
20301033001011
20301120121030
20301120121300
20301120301011
20301121021030
20301121021300
20301121201011
20301122101011
20301123001011
20301210121300
20301210301011
20301211021300
20301211201011
20301213001011
20301300121300
20301300211011
20301300301011
20301301021300
20301301201011
20301302011011
20301302101011
20301303001011
20302202303211
20302211303211
20302213103211
20302231103211
20302232003211
20303130313311
20303131213311
20303132113311
20303133013311
20303310313022
20303310313311
20303311213022
20303311213311
20303312113022
20303312113311
20303313013022
20303313013311
20310011312211
20310012212211
20310030121300
20310030212211
20310030301011
20310031021300
20310031201011
20310032012211
20310032101011
20310033001011
20310120121030
20310120121300
20310120301011
20310121021030
20310121021300
20310121201011
20310122101011
20310123001011
20310210121300
20310210301011
20310212101011
20310213001011
20310300121300
20310300211011
20310300301011
20310301021300
20310301201011
20310302011011
20310302101011
20310303001011
20311202303211
20311231103211
20311232003211
20312130313311
20312131213311
20312132113311
20312133013311
20312310313022
20312310313311
20312311213022
20312311213311
20312312113022
20312312113311
20312313013022
20312313013311
20313031321033
20313033121033
20313121321033
20313121321303
20313123121033
20313123121303
20313211321033
20313213121033
20313301321033
20313301321122
20313303121033
20313303121122
20313321121122
20313322021122
20320202303211
20320211303211
20320213103211
20320231103211
20320232003211
20321130313311
20321131213311
20321132113311
20321133013311
20321310313022
20321310313311
20321311213022
20321311213311
20321312113022
20321312113311
20321313013022
20321313013311
20322031321033
20322033121033
20322121321033
20322121321303
20322123121033
20322123121303
20322301321033
20322301321122
20322303121033
20322303121122
20322321121122
20322322021122
20322330121122
20322331021122
20323031332233
20323032232233
20323033132233
20323132313133
20323133213133
20323302321213
20323303221213
20323312313133
20323313213133
20330130313311
20330131213311
20330132113311
20330133013311
20330310313022
20330310313311
20330311213022
20330311213311
20330312113022
20330312113311
20330313013022
20330313013311
20331031321033
20331033121033
20331121321033
20331121321303
20331123121033
20331123121303
20331211321033
20331213121033
20331301321033
20331301321122
20331303121033
20331303121122
20331321121122
20331322021122
20331330121122
20331331021122
20332031332233
20332032232233
20332302321213
20332303221213
21002030113011
21002031013011
21002300201100
21002301101100
21002302001100
21003002312211
21003011312211
21003032012211
21011030113011
21011031013011
21011301101100
21011302001100
21012002312211
21012003212211
21012011312211
21012012212211
21012030212211
21012032012211
21013030223022
21013031123022
21013031303211
21013032023022
21013032203211
21013033103211
21013121303211
21013123103211
21013202303211
21013203203211
21013211303211
21013212203211
21013213103211
21013230203211
21013231103211
21013232003211
21013301303121
21013301303211
21013302203121
21013302203211
21013303103121
21013303103211
21020030113011
21020031013011
21020300201100
21020301101100
21020302001100
21021002312211
21021003212211
21021011312211
21021012212211
21021030212211
21021032012211
21022030223022
21022031123022
21022031303211
21022032023022
21022032203211
21022033103211
21022123103211
21022301303121
21022301303211
21022302203121
21022302203211
21022303103121
21022303103211
21023032303122
21023033203122
21023101330122
21023102230122
21023103130122
21023120230122
21023121130122
21023122030122
21023122303122
21023123203122
21023130130122
21023131030122
21023212213122
21023212303122
21023213113122
21023213203122
21023302303122
21023302303212
21023303203122
21023303203212
21030011312211
21030012212211
21030030212211
21030032012211
21032032303122
21032033203122
21032212213122
21032212303122
21032213113122
21032213203122
21032302303122
21032302303212
21032303203122
21032303203212
21100100210100
21100102010100
21100120010100
21100120102100
21100121002100
21101020120200
21101030112120
21101031012120
21101200120200
21101301101100
21101302001100
21102002312211
21102003212211
21102011312211
21102012212211
21102030212211
21102030212300
21102032012211
21102032012300
21102120212300
21102122012300
21102210212030
21102210212300
21102212012030
21102212012300
21102300212300
21102302012300
21103020320022
21103020320311
21103021220022
21103021220311
21103022120022
21103022120311
21103023020022
21103023020311
21103200320022
21103201220022
21103202120022
21103203020022
21120011312211
21120012212211
21120030212211
21120030212300
21120032012211
21120032012300
21120120212300
21120122012300
21120210212030
21120210212300
21120212012030
21120212012300
21121020320022
21121020320311
21121021220022
21121021220311
21121022120022
21121022120311
21121023020022
21121023020311
21123120332322
21123121232322
21123123032322
21123123212033
21123210332322
21123211232322
21123212132322
21123212312033
21123212312303
21123213032322
21123213212033
21123213212303
21123300332322
21123301232322
21123301321122
21123302132322
21123302312033
21123303032322
21123303121122
21123303212033
21123321121122
21123322021122
21130020320022
21130020320311
21130021220022
21130021220311
21130022120022
21130022120311
21130023020022
21130023020311
21130200320022
21130201220022
21130202120022
21130203020022
21131101330122
21131102230122
21131103130122
21131120230122
21131121130122
21131122030122
21131130130122
21131131030122
21132030332322
21132031232322
21132031322322
21132032132322
21132032312033
21132033032322
21132033122322
21132033212033
21132120332322
21132121232322
21132122132322
21132122312033
21132123032322
21132123212033
21132210332322
21132211232322
21132212132322
21132212312033
21132212312303
21132300332322
21132301232322
21132301321122
21132302132322
21132302312033
21132303032322
21132303121122
21132303212033
21132321121122
21132322021122
21132330121122
21132331021122
21133031332233
21133032232233
21133033132233
21133121332133
21133121332233
21133123132133
21133123132233
21133211332233
21133212232233
21200121101100
21200122001100
21200210201100
21200210201200
21200212001100
21200212001200
21200300201100
21200301101100
21200302001100
21201002312211
21201003212211
21201011312211
21201012212211
21201030121300
21201030212211
21201030301011
21201031021300
21201031201011
21201032012211
21201032101011
21201033001011
21201121021030
21201121021300
21201121201011
21201122101011
21201123001011
21201210121300
21201210301011
21201211021300
21201211201011
21201212101011
21201213001011
21201300121300
21201300211011
21201300301011
21201301021300
21201301201011
21201302011011
21201302101011
21201303001011
21202202303211
21202203203211
21202211303211
21202212203211
21202213103211
21202230203211
21202231103211
21202232003211
21203130313311
21203131213311
21203132113311
21203133013311
21203310313022
21203310313311
21203311213022
21203311213311
21203312113022
21203312113311
21203313013022
21203313013311
21210011312211
21210012212211
21210030121300
21210030212211
21210030301011
21210031021300
21210031201011
21210032012211
21210032101011
21210033001011
21210120121030
21210120121300
21210120301011
21210121021030
21210121021300
21210121201011
21210122101011
21210123001011
21210210121300
21210210301011
21210212101011
21210213001011
21212310313022
21212310313311
21212311213022
21212311213311
21212312113022
21212312113311
21212313013022
21212313013311
21213121321033
21213121321303
21213123121033
21213123121303
21213211321033
21213213121033
21213301321033
21213301321122
21213303121033
21213303121122
21213321121122
21213322021122
21220202303211
21220203203211
21220211303211
21220212203211
21220213103211
21220230203211
21220231103211
21220232003211
21221130313311
21221131213311
21221132113311
21221133013311
21221310313022
21221310313311
21221311213022
21221311213311
21221312113022
21221312113311
21223031332233
21223032232233
21223033132233
21223132313133
21223133213133
21223223213133
21223302321213
21223303221213
21223312313133
21223313213133
21230130313311
21230131213311
21230132113311
21230133013311
21230310313022
21230310313311
21230311213022
21230311213311
21230312113022
21230312113311
21230313013022
21230313013311
21231031321033
21231033121033
21231121321033
21231121321303
21231123121033
21231123121303
21231211321033
21231213121033
21231301321033
21231301321122
21231303121033
21231303121122
21231321121122
21231322021122
21231330121122
21231331021122
21232031332233
21232032232233
21232302321213
21232303221213
21233212331233
21233213231233
21233213323233
21233231323233
21233233123233
21302030230122
21302030230212
21302031130122
21302032030122
21302032030212
21302210230122
21302212030122
21302300230122
21302301130122
21302301310311
21302302030122
21302302210311
21302303110311
21303301321122
21303303121122
21303321121122
21303322021122
21310030130121
21310030130211
21310031030121
21310031030211
21310120130211
21310121030211
21310202303211
21310203203211
21310210130211
21310211030211
21310211303211
21310212203211
21310213103211
21310230203211
21310231103211
21310232003211
21310300130211
21310301030211
21311030230122
21311030230212
21311031130122
21311031130212
21311032030122
21311032030212
21311210230122
21311300230122
21311301130122
21311301310311
21311302030122
21311302210311
21311303110311
21312301321122
21312303121122
21312321121122
21312322021122
21312330121122
21312331021122
21313031332233
21313032232233
21313033132233
21313302320322
21313303220322
21320030230122
21320030230212
21320031130122
21320031130212
21320032030122
21320032030212
21320101330122
21320102230122
21320103130122
21320120230122
21320121130122
21320122030122
21320130130122
21320131030122
21320210230122
21320212030122
21320300230122
21320301130122
21320301310311
21320302030122
21320302210311
21320303110311
21321301321122
21321303121122
21321321121122
21321322021122
21321330121122
21321331021122
21322031332233
21322032232233
21322302320322
21322303220322
21330301321122
21330322021122
21330331021122
21331031332233
21331032232233
21331033132233
21331302320322
21331303220322
22001020120200
22001030112120
22001031012120
22001200120200
22001301101100
22001302001100
22002002312211
22002003212211
22002011312211
22002012212211
22002030212211
22002030212300
22002032012211
22002032012300
22002120212300
22002122012300
22002210212030
22002210212300
22002212012030
22002212012300
22002300212300
22002302012300
22003020320022
22003020320311
22003021220022
22003021220311
22003022120022
22003022120311
22003023020022
22003023020311
22003200320022
22003201220022
22003202120022
22003203020022
22010020120200
22010021020200
22010030112120
22010031012120
22010200120200
22010201020200
22010300201100
22010301101100
22010302001100
22011002312211
22011003212211
22011011312211
22011012212211
22011030212211
22011030212300
22011032012211
22011032012300
22011210212030
22011210212300
22011212012030
22011212012300
22011300212300
22011302012300
22012020320022
22012020320311
22012021220022
22012021220311
22012022120022
22012022120311
22012023020022
22012023020311
22012200320022
22012201220022
22012202120022
22012203020022
22013101330122
22013102230122
22013120230122
22013122030122
22013131030122
22020011312211
22020012212211
22020030212211
22020030212300
22020032012211
22020032012300
22020120212300
22020122012300
22020210212030
22020210212300
22020212012030
22020212012300
22020300212300
22020302012300
22021020320022
22021020320311
22021021220022
22021021220311
22021022120022
22021022120311
22021023020022
22021023020311
22021200320022
22021201220022
22021202120022
22021203020022
22022101330122
22022102230122
22022120230122
22022122030122
22022131030122
22023030332322
22023031232322
22023031322322
22023032132322
22023032312033
22023033032322
22023033122322
22023033212033
22023120332322
22023121232322
22023123032322
22023123212033
22023210332322
22023211232322
22023212132322
22023212312033
22023212312303
22023213032322
22023213212033
22023213212303
22023300332322
22023301232322
22023301321122
22023302132322
22023302312033
22023303032322
22023303121122
22023303212033
22023321121122
22023322021122
22030020320022
22030020320311
22030021220022
22030021220311
22030022120022
22030022120311
22030023020022
22030023020311
22030200320022
22030201220022
22030202120022
22030203020022
22031101330122
22031102230122
22031120230122
22031122030122
22031131030122
22032030332322
22032031232322
22032031322322
22032032132322
22032032312033
22032033032322
22032033122322
22032033212033
22032120332322
22032122132322
22032122312033
22032123032322
22032123212033
22032210332322
22032211232322
22032212132322
22032212312033
22032212312303
22032213032322
22032213212033
22032213212303
22032300332322
22032301232322
22032301321122
22032302132322
22032302312033
22032303032322
22032303121122
22032303212033
22032321121122
22032322021122
22032330121122
22032331021122
22033031332233
22033032232233
22033121332133
22033121332233
22033211332233
22033212232233
22100121101100
22100122001100
22100210201100
22100212001100
22100300201100
22100301101100
22100302001100
22101002312211
22101003212211
22101011312211
22101012212211
22101030121300
22101030212211
22101030301011
22101031021300
22101031201011
22101032012211
22101032101011
22101033001011
22101120121030
22101120121300
22101120301011
22101121021030
22101121021300
22101121201011
22101122101011
22101123001011
22101210301011
22101211201011
22101212101011
22101213001011
22101300121300
22101300211011
22101300301011
22101301021300
22101301201011
22101302011011
22101302101011
22101303001011
22102202303211
22102203203211
22102211303211
22102212203211
22102213103211
22102230203211
22102231103211
22102232003211
22103130313311
22103131213311
22103132113311
22103133013311
22103310313022
22103310313311
22103311213022
22103311213311
22103312113022
22103312113311
22103313013022
22103313013311
22110011312211
22110012212211
22110030121300
22110030212211
22110030301011
22110031021300
22110031201011
22110032012211
22110032101011
22110033001011
22110120121030
22110120121300
22110120301011
22110121021030
22110121021300
22110121201011
22110122101011
22110123001011
22110210301011
22110212101011
22110213001011
22110300121300
22110300211011
22110300301011
22110301021300
22110301201011
22110302011011
22110302101011
22110303001011
22112130313311
22112131213311
22112132113311
22112133013311
22112310313022
22112310313311
22112311213022
22112311213311
22112312113022
22112312113311
22112313013022
22112313013311
22113031321033
22113033121033
22113121321033
22113121321303
22113123121033
22113123121303
22113301321033
22113301321122
22113303121033
22113303121122
22113321121122
22113322021122
22120202303211
22120203203211
22120211303211
22120212203211
22120213103211
22120230203211
22120231103211
22120232003211
22121130313311
22121131213311
22121132113311
22121133013311
22121310313022
22121310313311
22121311213022
22121311213311
22121312113022
22121312113311
22121313013022
22121313013311
22122031321033
22122033121033
22122123121033
22122123121303
22122301321033
22122301321122
22122303121033
22122303121122
22122321121122
22122322021122
22122330121122
22122331021122
22123031332233
22123032232233
22123132313133
22123133213133
22123223213133
22123302321213
22123303221213
22123312313133
22123313213133
22130130313311
22130131213311
22130132113311
22130133013311
22130310313022
22130310313311
22130311213022
22130311213311
22130312113022
22130312113311
22130313013022
22130313013311
22131031321033
22131033121033
22131121321033
22131121321303
22131123121033
22131123121303
22132031332233
22132032232233
22132302321213
22132303221213
22133213323233
22133231323233
22133233123233
22300202303211
22300203203211
22300211303211
22300212203211
22300213103211
22300230203211
22300230203300
22300231103211
22300231103300
22300232003211
22300232003300
22300320203300
22300322003300
22301101330122
22301102230122
22301120230122
22301122030122
22301130131022
22301130131311
22301130311022
22301131030122
22301131031022
22301131031311
22301131211022
22301133011022
22301220311022
22301223011022
22301310131311
22301310311022
22301311031311
22301311211022
22301313011022
22302301321122
22302303121122
22302321121122
22302322021122
22302330121122
22302331021122
22303031332233
22303032232233
22303130331133
22303131231133
22303132131133
22303133031133
22303230323322
22303231223322
22303231313322
22303232123322
22303232213322
22303232303033
22303233023322
22303233113322
22303233203033
22303310331133
22303311231133
22303312131133
22303313031133
22303320323322
22303321223322
22303322123322
22303322303033
22303323023322
22303323203033
22310101330122
22310102230122
22310120230122
22310122030122
22310130131022
22310130131311
22310130311022
22310131030122
22310131031022
22310131031311
22310131211022
22310133011022
22310220311022
22310221211022
22310223011022
22310310131311
22310310311022
22310311031311
22310311211022
22310313011022
22312031332233
22312032232233
22312320323322
22312321223322
22312322123322
22312322303033
22312323023322
22312323203033
22313213323233
22313231323233
22313233123233
22313321323233
22313323123233
22320301321122
22320322021122
22320331021122
22321031332233
22321032232233
22321130331133
22321131231133
22321132131133
22321133031133
22321230323322
22321231223322
22321231313322
22321232123322
22321232213322
22321232303033
22321233023322
22321233113322
22321233203033
22321310331133
22321311231133
22321312131133
22321313031133
22321320323322
22321321223322
22321322123322
22321322303033
22321323023322
22321323203033
22322321323233
22330031332233
22330032232233
22330130331133
22330131231133
22330132131133
22330133031133
22330230323322
22330231223322
22330231313322
22330232123322
22330232213322
22330232303033
22330233023322
22330233113322
22330233203033
22330310331133
22330311231133
22330312131133
22330313031133
22330320323322
22330321223322
22330322123322
22330322303033
22330323023322
22330323203033
22331213323233
22331231323233
22331233123233
22331321323233
22331323123233
23001002312211
23001003212211
23001011312211
23001012212211
23001030121300
23001030212211
23001030301011
23001031021300
23001031201011
23001032012211
23001032101011
23001033001011
23001120121030
23001120121300
23001120301011
23001121021030
23001121021300
23001121201011
23001122101011
23001123001011
23001210121300
23001210301011
23001211021300
23001211201011
23001212101011
23001213001011
23001300121300
23001300211011
23001300301011
23001301021300
23001301201011
23001302011011
23001302101011
23001303001011
23002202303211
23002203203211
23002211303211
23002212203211
23002213103211
23002230203211
23002231103211
23002232003211
23003130313311
23003131213311
23003132113311
23003133013311
23003310313022
23003310313311
23003311213022
23003311213311
23003312113022
23003312113311
23003313013022
23003313013311
23010011312211
23010012212211
23010030121300
23010030212211
23010030301011
23010031021300
23010031201011
23010032012211
23010032101011
23010033001011
23010120121030
23010120121300
23010120301011
23010121021030
23010121021300
23010121201011
23010122101011
23010123001011
23010210121300
23010210301011
23010212101011
23010213001011
23010300121300
23010300211011
23010300301011
23010301021300
23010301201011
23010302011011
23010302101011
23010303001011
23011202303211
23011203203211
23011230203211
23011231103211
23011232003211
23012130313311
23012131213311
23012132113311
23012133013311
23012310313022
23012310313311
23012311213022
23012311213311
23012312113022
23012312113311
23012313013022
23012313013311
23013031321033
23013033121033
23013121321033
23013121321303
23013123121033
23013123121303
23013211321033
23013213121033
23013301321033
23013301321122
23013303121033
23013303121122
23013321121122
23013322021122
23020203203211
23020212203211
23020213103211
23020230203211
23020231103211
23020232003211
23021130313311
23021131213311
23021132113311
23021133013311
23021310313022
23021310313311
23021311213022
23021311213311
23021312113022
23021312113311
23021313013022
23021313013311
23022031321033
23022033121033
23022121321033
23022121321303
23022123121033
23022123121303
23022301321033
23022301321122
23022303121033
23022303121122
23022321121122
23022322021122
23022330121122
23022331021122
23023031332233
23023032232233
23023033132233
23023132313133
23023133213133
23023223213133
23023302321213
23023303221213
23023312313133
23023313213133
23030130313311
23030131213311
23030132113311
23030133013311
23030310313022
23030310313311
23030311213022
23030311213311
23030313013022
23030313013311
23031031321033
23031033121033
23031121321033
23031121321303
23031123121033
23031123121303
23031211321033
23031213121033
23031301321033
23031301321122
23031303121033
23031303121122
23031321121122
23031322021122
23031330121122
23031331021122
23032031332233
23032032232233
23032302321213
23032303221213
23033212331233
23033213323233
23033231323233
23033233123233
23101202303211
23101203203211
23101230203211
23101231103211
23101232003211
23102030230122
23102030230212
23102031130122
23102032030122
23102032030212
23102101330122
23102102230122
23102103130122
23102120230122
23102121130122
23102122030122
23102130130122
23102131030122
23102210230122
23102212030122
23102300230122
23102301130122
23102301310311
23102302030122
23102302210311
23102303110311
23103301321122
23103303121122
23103321121122
23103322021122
23110030130121
23110030130211
23110031030121
23110031030211
23110120130211
23110121030211
23110203203211
23110210130211
23110212203211
23110213103211
23110230203211
23110231103211
23110232003211
23110300130211
23110301030211
23112301321122
23112303121122
23112321121122
23112322021122
23112330121122
23112331021122
23113031332233
23113032232233
23113033132233
23113303220322
23120030230122
23120030230212
23120031130122
23120031130212
23120032030122
23120032030212
23120101330122
23120102230122
23120103130122
23120120230122
23120121130122
23120122030122
23120130130122
23120131030122
23120210230122
23120212030122
23120300230122
23120301130122
23120301310311
23120302030122
23120302210311
23121301321122
23121303121122
23121321121122
23121322021122
23121330121122
23121331021122
23122031332233
23122032232233
23122303220322
23130301321122
23130322021122
23130331021122
23131031332233
23131032232233
23131033132233
23131303220322
23200203203211
23200212203211
23200213103211
23200230203211
23200230203300
23200231103211
23200231103300
23200232003211
23200232003300
23200320203300
23200321103300
23200322003300
23201101330122
23201103130122
23201121130122
23201122030122
23201130130122
23201130131022
23201130131311
23201130311022
23201131030122
23201131031022
23201131031311
23201131211022
23201133011022
23201220131311
23201220311022
23201220311311
23201223011022
23201223011311
23201310131311
23201310311022
23201311031311
23201311211022
23201313011022
23202301321122
23202303121122
23202321121122
23202322021122
23202330121122
23202331021122
23203031332233
23203032232233
23203033132233
23203130331133
23203131231133
23203132131133
23203133031133
23203230323322
23203231223322
23203231313322
23203232123322
23203232213322
23203232303033
23203233023322
23203233113322
23203233203033
23203310331133
23203311231133
23203312131133
23203313031133
23203320323322
23203321223322
23203322123322
23203322303033
23203323023322
23203323203033
23210101330122
23210102230122
23210103130122
23210120230122
23210121130122
23210122030122
23210130130122
23210130131022
23210130131311
23210130311022
23210131030122
23210131031022
23210131031311
23210131211022
23210133011022
23210220131311
23210220311022
23210220311311
23210221031311
23210221211022
23210221211311
23210223011022
23210223011311
23210310131311
23210310311022
23210311031311
23210311211022
23210313011022
23211301321122
23211303121122
23211321121122
23211322021122
23211330121122
23211331021122
23212031332233
23212032232233
23212230323322
23212232123322
23212232213322
23212232303033
23212233023322
23212233113322
23212233203033
23212320323322
23212321223322
23212322123322
23212322303033
23212323023322
23212323203033
23213213323233
23213231323233
23213233123233
23213321323233
23213323123233
23220301321122
23220322021122
23220331021122
23221031332233
23221032232233
23221033132233
23221130331133
23221131231133
23221132131133
23221133031133
23221230323322
23221231223322
23221231313322
23221232123322
23221232213322
23221232303033
23221233023322
23221233113322
23221233203033
23221310331133
23221311231133
23221312131133
23221320323322
23221321223322
23221323023322
23221323203033
23230031332233
23230032232233
23230033132233
23230130331133
23230131231133
23230132131133
23230133031133
23230230323322
23230231223322
23230231313322
23230232123322
23230232213322
23230232303033
23230233023322
23230233113322
23230233203033
23230310331133
23230311231133
23230312131133
23230313031133
23230320323322
23230321223322
23230322123322
23230322303033
23230323023322
23230323203033
23231213323233
23231231323233
23231233123233
23231321323233
23231323123233
23300101330122
23300102230122
23300103130122
23300120230122
23300121130122
23300122030122
23300130130122
23300131030122
23302031332233
23302032232233
23302230232322
23302232032322
23302232212033
23302233112033
23302320232322
23302321132322
23302322032322
23302323112033
23302323112303
23303213323233
23303230332133
23303230332233
23303231232133
23303231232233
23303231323233
23303232132133
23303232132233
23303233032133
23303233032233
23303233123233
23303320332233
23303321232233
23303323032233
23311031332233
23311032232233
23311033132233
23311230232322
23311231132322
23311232032322
23311232212033
23311233112033
23311320232322
23311321132322
23311323112033
23311323112303
23312230332133
23312230332233
23312232132133
23312232132233
23312233032133
23312233032233
23312233123233
23312320332233
23312321232233
23312323032233
23320031332233
23320032232233
23320033132233
23320230232322
23320231132322
23320232032322
23320320232322
23320321132322
23320322032322
23321213323233
23321230332233
23321231232233
23321231323233
23321232132233
23321233032233
23321233123233
23321320332233
23321321232233
23321323032233
30011030113011
30011031013011
30011301101100
30011302001100
30012002312211
30012003212211
30012011312211
30012012212211
30012030212211
30012032012211
30013030223022
30013031123022
30013031303211
30013032023022
30013032203211
30013033103211
30013121303211
30013123103211
30013202303211
30013203203211
30013211303211
30013212203211
30013213103211
30013230203211
30013231103211
30013232003211
30013301303121
30013301303211
30013302203121
30013302203211
30013303103121
30013303103211
30020030113011
30020031013011
30020300201100
30020301101100
30020302001100
30021002312211
30021003212211
30021011312211
30021012212211
30021030212211
30021032012211
30022030223022
30022031123022
30022031303211
30022032023022
30022032203211
30022033103211
30022123103211
30022301303121
30022301303211
30022302203121
30022302203211
30022303103121
30022303103211
30023032303122
30023033203122
30023101330122
30023102230122
30023103130122
30023120230122
30023121130122
30023122030122
30023122303122
30023123203122
30023130130122
30023131030122
30023212213122
30023212303122
30023213113122
30023213203122
30023302303122
30023302303212
30023303203122
30023303203212
30030011312211
30030012212211
30031030223022
30031031123022
30031031303211
30031032023022
30031032203211
30031033103211
30031121303211
30031123103211
30031301303121
30031301303211
30031302203211
30031303103121
30031303103211
30032032303122
30032033203122
30032212213122
30032212303122
30032213113122
30032213203122
30032302303122
30032302303212
30032303203122
30032303203212
30100100210100
30100102010100
30100120010100
30100120102100
30100121002100
30101020120200
30101030112120
30101031012120
30101200120200
30101301101100
30101302001100
30102002312211
30102003212211
30102011312211
30102012212211
30102030212211
30102030212300
30102032012211
30102032012300
30102120212300
30102122012300
30102210212030
30102210212300
30102212012030
30102212012300
30102300212300
30102302012300
30103020320022
30103020320311
30103021220022
30103021220311
30103022120022
30103022120311
30103023020022
30103023020311
30103200320022
30103201220022
30103202120022
30103203020022
30110020120200
30110021020200
30110030112120
30110031012120
30110110120200
30110200120200
30110201020200
30110300201100
30110301101100
30110302001100
30112021220022
30112021220311
30112022120022
30112022120311
30112023020022
30112023020311
30112200320022
30112201220022
30112202120022
30112203020022
30113101330122
30113102230122
30113103130122
30113120230122
30113121130122
30113122030122
30113130130122
30113131030122
30120011312211
30120012212211
30121020320022
30121020320311
30121021220022
30121021220311
30121022120022
30121022120311
30121023020022
30121023020311
30123120332322
30123121232322
30123123032322
30123123212033
30123210332322
30123211232322
30123212132322
30123212312033
30123212312303
30123213032322
30123213212033
30123213212303
30123300332322
30123301232322
30123301321122
30123302132322
30123302312033
30123303032322
30123303121122
30123303212033
30123321121122
30123322021122
30130020320022
30130020320311
30130021220022
30130021220311
30130022120022
30130022120311
30130023020022
30130023020311
30130200320022
30130201220022
30130202120022
30130203020022
30131101330122
30131102230122
30131103130122
30131120230122
30131121130122
30131122030122
30131130130122
30131131030122
30132030332322
30132031232322
30132031322322
30132032132322
30132032312033
30132033032322
30132033122322
30132033212033
30132120332322
30132121232322
30132122132322
30132122312033
30132123032322
30132123212033
30132210332322
30132211232322
30132212132322
30132212312033
30132212312303
30132300332322
30132301232322
30132301321122
30132302132322
30132302312033
30132303032322
30132303121122
30132303212033
30132321121122
30132322021122
30132330121122
30132331021122
30133031332233
30133032232233
30133033132233
30133121332133
30133121332233
30133123132133
30133123132233
30133211332233
30133212232233
30200121101100
30200122001100
30200210201100
30200210201200
30200212001100
30200212001200
30200300201100
30200301101100
30200302001100
30201002312211
30201003212211
30201011312211
30201012212211
30201030121300
30201030212211
30201030301011
30201031021300
30201031201011
30201032012211
30201032101011
30201033001011
30201121021030
30201121021300
30201121201011
30201122101011
30201123001011
30201210121300
30201210301011
30201211021300
30201211201011
30201212101011
30201213001011
30201300121300
30201300211011
30201300301011
30201301021300
30201301201011
30201302011011
30201302101011
30201303001011
30202211303211
30202212203211
30202213103211
30202230203211
30202231103211
30202232003211
30203130313311
30203131213311
30203132113311
30203133013311
30203310313022
30203310313311
30203311213022
30203311213311
30203312113022
30203312113311
30203313013022
30203313013311
30210011312211
30210012212211
30212310313022
30212310313311
30212311213022
30212311213311
30212312113022
30212312113311
30212313013022
30212313013311
30213121321033
30213121321303
30213123121033
30213123121303
30213211321033
30213213121033
30213301321033
30213301321122
30213303121033
30213303121122
30213321121122
30213322021122
30220211303211
30220212203211
30220213103211
30220230203211
30220231103211
30220232003211
30221130313311
30221131213311
30221132113311
30221133013311
30221310313022
30221310313311
30221311213022
30221311213311
30221312113022
30221312113311
30223031332233
30223032232233
30223033132233
30223132313133
30223133213133
30223223213133
30223302321213
30223303221213
30223312313133
30223313213133
30230130313311
30230131213311
30230132113311
30230133013311
30230310313022
30230310313311
30230311213022
30230311213311
30230312113022
30230312113311
30230313013022
30230313013311
30231031321033
30231033121033
30231121321033
30231121321303
30231123121033
30231123121303
30231211321033
30231213121033
30231301321033
30231301321122
30231303121033
30231303121122
30231321121122
30231322021122
30231330121122
30231331021122
30232031332233
30232032232233
30232133213133
30232302321213
30232303221213
30232313213133
30233212331233
30233213231233
30233213323233
30233231323233
30233233123233
30301030130121
30301030130211
30301031030121
30301031030211
30301120130211
30301120220211
30301121030211
30301121120211
30301300130211
30301301030211
30302030230122
30302030230212
30302031130122
30302032030122
30302032030212
30302210230122
30302212030122
30302300230122
30302301130122
30302301310311
30302302030122
30302302210311
30302303110311
30303321121122
30303322021122
30310030130121
30310030130211
30310031030121
30310031030211
30310120130211
30310120220211
30310121030211
30310121120211
30310202303211
30310203203211
30310210130211
30310211030211
30310211303211
30310212203211
30310213103211
30310230203211
30310231103211
30310232003211
30310300130211
30310301030211
30311030230122
30311030230212
30311031130122
30311031130212
30311032030122
30311032030212
30311210230122
30311300230122
30311301130122
30311301310311
30311302030122
30311302210311
30311303110311
30312321121122
30312322021122
30312330121122
30312331021122
30313031332233
30313032232233
30313033132233
30313302320322
30313303220322
30320030230122
30320030230212
30320031130122
30320031130212
30320032030122
30320032030212
30320101330122
30320102230122
30320103130122
30320120230122
30320121130122
30320122030122
30320130130122
30320131030122
30320210230122
30320212030122
30320300230122
30320301130122
30320301310311
30320302030122
30320302210311
30320303110311
30321321121122
30321322021122
30321330121122
30321331021122
30322031332233
30322032232233
30322302320322
30322303220322
30330322021122
30330331021122
30331031332233
30331032232233
30331033132233
30331302320322
30331303220322
31001020120200
31001030112120
31001031012120
31001200120200
31001301101100
31001302001100
31002002312211
31002003212211
31002011312211
31002012212211
31002030212211
31002030212300
31002032012211
31002032012300
31002120212300
31002122012300
31002210212030
31002210212300
31002212012030
31002212012300
31002300212300
31002302012300
31003020320022
31003020320311
31003021220022
31003021220311
31003022120022
31003022120311
31003023020022
31003023020311
31003200320022
31003201220022
31003202120022
31003203020022
31010020120200
31010021020200
31010030112120
31010031012120
31010200120200
31010201020200
31010300201100
31010301101100
31010302001100
31011002312211
31011003212211
31011011312211
31011012212211
31011030212211
31011030212300
31011032012211
31011032012300
31011210212030
31011210212300
31011212012030
31011212012300
31011300212300
31011302012300
31012020320022
31012020320311
31012021220022
31012021220311
31012022120022
31012022120311
31012023020022
31012023020311
31012200320022
31012201220022
31012202120022
31012203020022
31013101330122
31013102230122
31013120230122
31013122030122
31013131030122
31020011312211
31020012212211
31021020320022
31021020320311
31021021220022
31021021220311
31021022120022
31021022120311
31021023020022
31021023020311
31021200320022
31021201220022
31021202120022
31021203020022
31022101330122
31022102230122
31022120230122
31022122030122
31022131030122
31023030332322
31023031232322
31023031322322
31023032132322
31023032312033
31023033032322
31023033122322
31023033212033
31023120332322
31023121232322
31023123032322
31023123212033
31023210332322
31023211232322
31023212132322
31023212312033
31023212312303
31023213032322
31023213212033
31023213212303
31023300332322
31023301232322
31023301321122
31023302132322
31023302312033
31023303032322
31023303121122
31023303212033
31023321121122
31023322021122
31030020320022
31030020320311
31030021220022
31030021220311
31030022120022
31030022120311
31030023020022
31030023020311
31030200320022
31030201220022
31030202120022
31030203020022
31031101330122
31031102230122
31031120230122
31031122030122
31031131030122
31032030332322
31032031232322
31032031322322
31032032132322
31032032312033
31032033032322
31032033122322
31032033212033
31032120332322
31032122132322
31032122312033
31032123032322
31032123212033
31032210332322
31032211232322
31032212132322
31032212312033
31032212312303
31032213032322
31032213212033
31032213212303
31032300332322
31032301232322
31032301321122
31032302132322
31032302312033
31032303032322
31032303121122
31032303212033
31032321121122
31032322021122
31032330121122
31032331021122
31033031332233
31033032232233
31033121332133
31033121332233
31033211332233
31033212232233
31100121101100
31100122001100
31100210201100
31100212001100
31100300201100
31100301101100
31100302001100
31101002312211
31101003212211
31101011312211
31101012212211
31101030121300
31101030212211
31101030301011
31101031021300
31101031201011
31101032012211
31101032101011
31101033001011
31101120121030
31101120121300
31101120301011
31101121021030
31101121021300
31101121201011
31101122101011
31101123001011
31101210301011
31101211201011
31101212101011
31101213001011
31101300121300
31101300211011
31101300301011
31101301021300
31101301201011
31101302011011
31101302101011
31101303001011
31102211303211
31102212203211
31102213103211
31102230203211
31102231103211
31102232003211
31103130313311
31103131213311
31103132113311
31103133013311
31103310313022
31103310313311
31103311213022
31103311213311
31103312113022
31103312113311
31103313013022
31103313013311
31120211303211
31120212203211
31120213103211
31120230203211
31120231103211
31120232003211
31121130313311
31121131213311
31121132113311
31121133013311
31121310313022
31121310313311
31121311213022
31121311213311
31121312113022
31121312113311
31121313013022
31121313013311
31122031321033
31122033121033
31122123121033
31122123121303
31122301321033
31122301321122
31122303121033
31122303121122
31122321121122
31122322021122
31122330121122
31122331021122
31123031332233
31123032232233
31123132313133
31123133213133
31123223213133
31123302321213
31123303221213
31123312313133
31123313213133
31130130313311
31130131213311
31130132113311
31130133013311
31130310313022
31130310313311
31130311213022
31130311213311
31130312113022
31130312113311
31130313013022
31130313013311
31131031321033
31131033121033
31131121321033
31131121321303
31131123121033
31131123121303
31132031332233
31132032232233
31132133213133
31132302321213
31132303221213
31132313213133
31133213323233
31133231323233
31133233123233
31201030130121
31201030130211
31201031030121
31201031030211
31201121030211
31201121120211
31201202303211
31201203203211
31201210130211
31201211030211
31201211303211
31201212203211
31201213103211
31201230203211
31201231103211
31201232003211
31201300130211
31201301030211
31202030230122
31202030230212
31202032030122
31202032030212
31202101330122
31202102230122
31202120230122
31202122030122
31202131030122
31202210230122
31202212030122
31202300230122
31202302030122
31202302210311
31202303110311
31203321121122
31203322021122
31210030130121
31210030130211
31210031030121
31210031030211
31210120130211
31210120220211
31210121030211
31210121120211
31210202303211
31210203203211
31210210130211
31210211030211
31210211303211
31210212203211
31210213103211
31210230203211
31210231103211
31210232003211
31210300130211
31210301030211
31211030230122
31211030230212
31211032030122
31211032030212
31211210230122
31211300230122
31211302030122
31211302210311
31211303110311
31212321121122
31212322021122
31212330121122
31212331021122
31213031332233
31213032232233
31213302320322
31213303220322
31220030230122
31220030230212
31220032030122
31220032030212
31220101330122
31220102230122
31220120230122
31220122030122
31220131030122
31220210230122
31220212030122
31220300230122
31220302030122
31220302210311
31220303110311
31230322021122
31230331021122
31231031332233
31231032232233
31231302320322
31231303220322
31300202303211
31300203203211
31300211303211
31300212203211
31300213103211
31300230203211
31300230203300
31300231103211
31300231103300
31300232003211
31300232003300
31300320203300
31300322003300
31301101330122
31301102230122
31301120230122
31301122030122
31301130131022
31301130131311
31301130311022
31301131030122
31301131031022
31301131031311
31301131211022
31301133011022
31301220311022
31301223011022
31301310131311
31301310311022
31301311031311
31301311211022
31301313011022
31302301321122
31302303121122
31302321121122
31302322021122
31302330121122
31302331021122
31303031332233
31303032232233
31303130331133
31303131231133
31303132131133
31303133031133
31303230323322
31303231223322
31303231313322
31303232123322
31303232213322
31303232303033
31303233023322
31303233113322
31303233203033
31303310331133
31303311231133
31303312131133
31303313031133
31303320323322
31303321223322
31303322123322
31303322303033
31303323023322
31303323203033
31310101330122
31310102230122
31310120230122
31310122030122
31310130131022
31310130131311
31310130311022
31310131030122
31310131031022
31310131031311
31310131211022
31310133011022
31310220311022
31310221211022
31310223011022
31310310131311
31310310311022
31310311031311
31310311211022
31310313011022
31312031332233
31312032232233
31312130331133
31312131231133
31312132131133
31312133031133
31312310331133
31312311231133
31312312131133
31312313031133
31312320323322
31312321223322
31312322123322
31312322303033
31312323023322
31312323203033
31313213323233
31313231323233
31313233123233
31313321323133
31313321323233
31313323123133
31313323123233
31320301321122
31320322021122
31320331021122
31321031332233
31321032232233
31321130331133
31321131231133
31321132131133
31321133031133
31321230323322
31321231223322
31321231313322
31321232123322
31321232213322
31321232303033
31321233023322
31321233113322
31321233203033
31321310331133
31321311231133
31321312131133
31321313031133
31321320323322
31321321223322
31321322123322
31321322303033
31321323023322
31321323203033
31322321323133
31322321323233
31330031332233
31330032232233
31330130331133
31330131231133
31330132131133
31330133031133
31330230323322
31330231223322
31330231313322
31330232123322
31330232213322
31330232303033
31330233023322
31330233113322
31330233203033
31330310331133
31330311231133
31330312131133
31330313031133
31330320323322
31330321223322
31330322123322
31330322303033
31330323023322
31330323203033
31331213323233
31331231323233
31331233123233
31331321323133
31331321323233
31331323123133
31331323123233
32001002312211
32001003212211
32001011312211
32001012212211
32001030121300
32001030212211
32001030301011
32001031021300
32001031201011
32001032012211
32001032101011
32001033001011
32001120121030
32001120121300
32001120301011
32001121021030
32001121021300
32001121201011
32001122101011
32001123001011
32001210121300
32001210301011
32001211021300
32001211201011
32001212101011
32001213001011
32001300121300
32001300211011
32001300301011
32001301021300
32001301201011
32001302011011
32001302101011
32001303001011
32002211303211
32002212203211
32002213103211
32002230203211
32002231103211
32002232003211
32003130313311
32003131213311
32003132113311
32003133013311
32003310313022
32003310313311
32003311213022
32003311213311
32003312113022
32003312113311
32003313013022
32003313013311
32010011312211
32010012212211
32011211303211
32011212203211
32011213103211
32011230203211
32011231103211
32011232003211
32012130313311
32012131213311
32012132113311
32012133013311
32012310313022
32012310313311
32012311213022
32012311213311
32012312113022
32012312113311
32012313013022
32012313013311
32013031321033
32013033121033
32013121321033
32013121321303
32013123121033
32013123121303
32013211321033
32013213121033
32013301321033
32013301321122
32013303121033
32013303121122
32013321121122
32013322021122
32020212203211
32020213103211
32020230203211
32020231103211
32020232003211
32021130313311
32021131213311
32021132113311
32021133013311
32021310313022
32021310313311
32021311213022
32021311213311
32021312113022
32021312113311
32021313013022
32021313013311
32022031321033
32022033121033
32022121321033
32022121321303
32022123121033
32022123121303
32022301321033
32022301321122
32022303121033
32022303121122
32022321121122
32022322021122
32022330121122
32022331021122
32023031332233
32023032232233
32023033132233
32023132313133
32023133213133
32023223213133
32023302321213
32023303221213
32023312313133
32023313213133
32030130313311
32030131213311
32030132113311
32030133013311
32030310313022
32030310313311
32030311213022
32030311213311
32030313013022
32030313013311
32031031321033
32031033121033
32031121321033
32031121321303
32031123121033
32031123121303
32031211321033
32031213121033
32031301321033
32031301321122
32031303121033
32031303121122
32031321121122
32031322021122
32031330121122
32031331021122
32032031332233
32032032232233
32032133213133
32032302321213
32032303221213
32032313213133
32033212331233
32033213323233
32033231323233
32033233123233
32101030130121
32101030130211
32101031030121
32101031030211
32101120130211
32101120220211
32101121030211
32101121120211
32101202303211
32101203203211
32101210130211
32101211030211
32101211303211
32101212203211
32101213103211
32101230203211
32101231103211
32101232003211
32101300130211
32101301030211
32102030230122
32102030230212
32102031130122
32102032030122
32102032030212
32102101330122
32102102230122
32102103130122
32102120230122
32102121130122
32102122030122
32102130130122
32102131030122
32102210230122
32102212030122
32102300230122
32102301130122
32102301310311
32102302030122
32102302210311
32102303110311
32103321121122
32103322021122
32110030130121
32110030130211
32110031030121
32110031030211
32110120130211
32110120220211
32110121030211
32110121120211
32110203203211
32110210130211
32110212203211
32110213103211
32110230203211
32110231103211
32110232003211
32110300130211
32110301030211
32112321121122
32112322021122
32112330121122
32112331021122
32113031332233
32113032232233
32113033132233
32113303220322
32120030230122
32120030230212
32120031130122
32120031130212
32120032030122
32120032030212
32120101330122
32120102230122
32120103130122
32120120230122
32120121130122
32120122030122
32120130130122
32120131030122
32120210230122
32120212030122
32120300230122
32120301130122
32120301310311
32120302030122
32120302210311
32121321121122
32121322021122
32121330121122
32121331021122
32122031332233
32122032232233
32122303220322
32130322021122
32130331021122
32131031332233
32131032232233
32131033132233
32131303220322
32200203203211
32200212203211
32200213103211
32200230203211
32200230203300
32200231103211
32200231103300
32200232003211
32200232003300
32200320203300
32200321103300
32200322003300
32201101330122
32201103130122
32201121130122
32201122030122
32201130130122
32201130131022
32201130131311
32201130311022
32201131030122
32201131031022
32201131031311
32201131211022
32201133011022
32201220131311
32201220311022
32201220311311
32201223011022
32201223011311
32201310131311
32201310311022
32201311031311
32201311211022
32201313011022
32202301321122
32202303121122
32202321121122
32202322021122
32202330121122
32202331021122
32203031332233
32203032232233
32203033132233
32203130331133
32203131231133
32203132131133
32203133031133
32203230323322
32203231223322
32203231313322
32203232123322
32203232213322
32203232303033
32203233023322
32203233113322
32203233203033
32203310331133
32203311231133
32203312131133
32203313031133
32203320323322
32203321223322
32203322123322
32203322303033
32203323023322
32203323203033
32210101330122
32210102230122
32210103130122
32210120230122
32210121130122
32210122030122
32210130130122
32210130131022
32210130131311
32210130311022
32210131030122
32210131031022
32210131031311
32210131211022
32210133011022
32210220131311
32210220311022
32210220311311
32210221031311
32210221211022
32210221211311
32210223011022
32210223011311
32210310131311
32210310311022
32210311031311
32210311211022
32210313011022
32211301321122
32211303121122
32211321121122
32211322021122
32211330121122
32211331021122
32212031332233
32212032232233
32212131231133
32212132131133
32212133031133
32212230323322
32212232123322
32212232213322
32212232303033
32212233023322
32212233113322
32212233203033
32212310331133
32212311231133
32212312131133
32212313031133
32212320323322
32212321223322
32212322123322
32212322303033
32212323023322
32212323203033
32213213323233
32213231323233
32213233123233
32213321323133
32213321323233
32213323123133
32213323123233
32230031332233
32230032232233
32230033132233
32230130331133
32230131231133
32230132131133
32230133031133
32230230323322
32230231223322
32230231313322
32230232123322
32230232213322
32230232303033
32230233023322
32230233113322
32230233203033
32230310331133
32230311231133
32230312131133
32230313031133
32230320323322
32230321223322
32230322123322
32230322303033
32230323023322
32230323203033
32231213323233
32231231323233
32231233123233
32231321323133
32231321323233
32231323123133
32231323123233
32300101330122
32300102230122
32300103130122
32300120230122
32300121130122
32300122030122
32300130130122
32300131030122
32302031332233
32302032232233
32302230232322
32302232032322
32302232212033
32302233112033
32302320232322
32302321132322
32302322032322
32302323112033
32302323112303
32303213323233
32303230332133
32303230332233
32303231232133
32303231232233
32303231323233
32303232132133
32303232132233
32303233032133
32303233032233
32303233123233
32303320332233
32303321232233
32303323032233
32311031332233
32311032232233
32311033132233
32311230232322
32311231132322
32311232032322
32311232212033
32311233112033
32311320232322
32311321132322
32311323112033
32311323112303
32312230332133
32312230332233
32312232132133
32312232132233
32312233032133
32312233032233
32312233123233
32312320332233
32312321232233
32312323032233
32320031332233
32320032232233
32320033132233
32320230232322
32320231132322
32320232032322
32320320232322
32320321132322
32320322032322
32321213323233
32321230332233
32321231232233
32321231323233
32321232132233
32321233032233
32321233123233
32321320332233
32321321232233
32321323032233
32330213323233
32330230332133
32330230332233
32330231232133
32330231232233
32330231323233
32330232132133
32330232132233
32330233032133
32330233032233
32330233123233
32330320332233
32330321232233
32330323032233
33001030130121
33001030130211
33001031030121
33001031030211
33001120130211
33001120220211
33001121030211
33001121120211
33001202303211
33001203203211
33001210130211
33001211030211
33001211303211
33001212203211
33001213103211
33001230203211
33001231103211
33001232003211
33002030230122
33002030230212
33002031130122
33002032030122
33002032030212
33002101330122
33002102230122
33002103130122
33002120230122
33002121130122
33002122030122
33002130130122
33002131030122
33002210230122
33002212030122
33010030130121
33010030130211
33010031030121
33010031030211
33010120130211
33010120220211
33010121030211
33010121120211
33010202303211
33010203203211
33010210130211
33010211030211
33010211303211
33010212203211
33010213103211
33010230203211
33010231103211
33010232003211
33011030230122
33011030230212
33011031130122
33011031130212
33011032030122
33011032030212
33011210230122
33013031332233
33013032232233
33013033132233
33020030230122
33020030230212
33020031130122
33020031130212
33020032030122
33020032030212
33020101330122
33020102230122
33020103130122
33020120230122
33020121130122
33020122030122
33020130130122
33020131030122
33020210230122
33020212030122
33022031332233
33022032232233
33031031332233
33031032232233
33031033132233
33100202303211
33100203203211
33100211303211
33100212203211
33100213103211
33100230203211
33100230203300
33100231103211
33100231103300
33100232003211
33100232003300
33100320203300
33100321103300
33100322003300
33101101330122
33101102230122
33101103130122
33101120230122
33101121130122
33101122030122
33101130130122
33101130131022
33101130131311
33101130311022
33101131030122
33101131031022
33101131031311
33101131211022
33101133011022
33101220131311
33101220311022
33101220311311
33101223011022
33101223011311
33101310131311
33101311031311
33103031332233
33103032232233
33103033132233
33103130331133
33103131231133
33103132131133
33103133031133
33103230323322
33103231223322
33103231313322
33103232123322
33103232213322
33103232303033
33103233023322
33103233113322
33103233203033
33103310331133
33103311231133
33103312131133
33103313031133
33103320323322
33103321223322
33103322123322
33103322303033
33103323023322
33103323203033
33110101330122
33110102230122
33110103130122
33110120230122
33110121130122
33110122030122
33110130130122
33110130131022
33110130131311
33110130311022
33110131030122
33110131031022
33110131031311
33110131211022
33110133011022
33110221031311
33110221211022
33110221211311
33110223011022
33110223011311
33110310131311
33110311031311
33112031332233
33112032232233
33112130331133
33112131231133
33112132131133
33112133031133
33112230323322
33112232123322
33112232213322
33112232303033
33112233023322
33112233113322
33112233203033
33112310331133
33112311231133
33112312131133
33112313031133
33112320323322
33112321223322
33112322123322
33112322303033
33112323023322
33112323203033
33113213323233
33113231323233
33113233123233
33113321323133
33113321323233
33113323123133
33113323123233
33121031332233
33121032232233
33121033132233
33121130331133
33121131231133
33121132131133
33121133031133
33121231223322
33121231313322
33121232123322
33121232213322
33121232303033
33121233023322
33121233113322
33121233203033
33121310331133
33121311231133
33121312131133
33121313031133
33121320323322
33121321223322
33121322123322
33121322303033
33121323023322
33121323203033
33122321323133
33122321323233
33122323123133
33122323123233
33130031332233
33130032232233
33130033132233
33130130331133
33130131231133
33130132131133
33130133031133
33130230323322
33130231223322
33130231313322
33130232123322
33130232213322
33130232303033
33130233023322
33130233113322
33130233203033
33130310331133
33130311231133
33130312131133
33130313031133
33130320323322
33130321223322
33130322123322
33130322303033
33130323023322
33130323203033
33131213323233
33131231323233
33131233123233
33131321323133
33131321323233
33131323123133
33131323123233
33200101330122
33200102230122
33200103130122
33200120230122
33200121130122
33200122030122
33200130130122
33200131030122
33202031332233
33202032232233
33202230232322
33202232032322
33202232212033
33202233112033
33202320232322
33202321132322
33202322032322
33202323112033
33202323112303
33203213323233
33203230332133
33203230332233
33203231232133
33203231232233
33203231323233
33203232132133
33203232132233
33203233032133
33203233032233
33203233123233
33203320332233
33203321232233
33203323032233
33211031332233
33211032232233
33211033132233
33211231132322
33211232032322
33211232212033
33211233112033
33211320232322
33211321132322
33211322032322
33211323112033
33211323112303
33212213323233
33212230332133
33212230332233
33212231232133
33212231232233
33212231323233
33212232132133
33212232132233
33212233032133
33212233032233
33212233123233
33212320332233
33212321232233
33212323032233
33220031332233
33220032232233
33220033132233
33220230232322
33220231132322
33220232032322
33220320232322
33220321132322
33220322032322
33221213323233
33221230332233
33221231232233
33221231323233
33221232132233
33221233032233
33221233123233
33221320332233
33221321232233
33221323032233
33230213323233
33230230332133
33230230332233
33230231232133
33230231232233
33230231323233
33230232132133
33230232132233
33230233032133
33230233032233
33230233123233
33230320332233
33230321232233
33230323032233
