i,d,sum,r,s,k,aligned,nX,nY,nZ,v0,v1,v2,v3,l1,db,Tdot,eq,recon
45,25,35,1,1,12,0,12,12,12,1,-1,1,-1,4,-2,2,1,1
47,27,37,1,1,13,0,13,13,13,0,-1,2,-1,4,1,-1,1,1
57,21,29,1,1,10,0,10,10,10,1,-1,0,0,2,-1,1,1,1
58,21,29,0,1,10,0,10,10,10,0,-1,1,0,2,2,-2,1,1
88,55,87,0,1,27,0,27,27,27,0,-1,1,0,2,2,-2,1,1
124,21,35,0,1,10,0,10,10,10,-1,1,-1,1,4,2,-2,1,1
149,6,11,1,0,3,0,2,2,2,0,0,0,0,0,0,0,1,1
153,4,8,1,0,2,0,1,1,1,-1,1,0,0,2,1,-1,1,1
155,6,11,1,0,3,0,2,2,2,1,-1,0,0,2,-1,1,1,1
157,4,8,1,0,2,0,1,1,1,1,-1,0,0,2,-1,1,1,1
165,13,20,1,1,6,0,6,6,6,1,0,-1,0,2,-3,3,1,1
165,32,48,1,0,16,0,15,15,15,0,2,-3,1,6,-3,3,1,1
165,112,162,1,0,56,0,55,55,55,2,-3,2,-1,8,-1,1,1,1
166,111,162,0,1,55,0,55,55,55,2,-3,2,-1,8,-1,1,1,1
169,470,699,1,0,235,0,234,234,234,-1,0,1,0,2,3,-3,1,1
172,15,21,0,1,7,0,7,7,7,-1,1,-1,1,4,2,-2,1,1
180,100,145,0,0,50,1,50,50,50,1,-2,2,-1,6,0,0,1,1
185,24,37,1,0,12,0,11,11,11,0,1,-1,0,2,-2,2,1,1
188,108,155,0,0,54,1,54,54,54,1,-2,2,-1,6,0,0,1,1
205,89,127,1,1,44,0,44,44,44,2,-2,1,-1,6,-3,3,1,1
226,84,121,0,0,42,1,42,42,42,1,-2,2,-1,6,0,0,1,1
227,84,121,1,0,42,0,41,41,41,1,-2,2,-1,6,0,0,1,1
228,84,121,0,0,42,1,42,42,42,1,-2,2,-1,6,0,0,1,1
229,80,114,1,0,40,0,39,39,39,2,-3,2,-1,8,-1,1,1,1
229,84,121,1,0,42,0,41,41,41,1,-2,2,-1,6,0,0,1,1
230,79,114,0,1,39,0,39,39,39,2,-3,2,-1,8,-1,1,1,1
230,84,121,0,0,42,1,42,42,42,1,-2,2,-1,6,0,0,1,1
231,84,121,1,0,42,0,41,41,41,1,-2,2,-1,6,0,0,1,1
232,43,61,0,1,21,0,21,21,21,0,-1,1,0,2,2,-2,1,1
232,84,121,0,0,42,1,42,42,42,1,-2,2,-1,6,0,0,1,1
237,25,35,1,1,12,0,12,12,12,1,-1,1,-1,4,-2,2,1,1
239,27,37,1,1,13,0,13,13,13,0,-1,2,-1,4,1,-1,1,1
249,21,29,1,1,10,0,10,10,10,1,-1,0,0,2,-1,1,1,1
250,21,29,0,1,10,0,10,10,10,0,-1,1,0,2,2,-2,1,1
263,30,40,1,0,15,0,14,14,14,0,1,-1,0,2,-2,2,1,1
298,12,15,0,0,6,1,6,6,6,0,0,0,0,0,0,0,1,1
301,11,13,1,1,5,0,5,5,5,0,1,-1,0,2,-2,2,1,1
303,9,10,1,1,4,0,4,4,4,-1,1,-1,1,4,2,-2,1,1
305,15,18,1,1,7,0,7,7,7,0,0,1,-1,2,-1,1,1,1
306,8,9,0,0,4,1,4,4,4,-1,1,1,-1,4,0,0,1,1
310,12,15,0,0,6,1,6,6,6,0,0,0,0,0,0,0,1,1
312,11,13,0,1,5,0,5,5,5,0,-1,1,0,2,2,-2,1,1
314,8,9,0,0,4,1,4,4,4,1,-1,-1,1,4,0,0,1,1
316,51,72,0,1,25,0,25,25,25,-1,1,-1,1,4,2,-2,1,1
322,48,70,0,0,24,1,24,24,24,-1,2,-2,1,6,0,0,1,1
325,32,48,1,0,16,0,15,15,15,-1,0,1,0,2,3,-3,1,1
328,27,40,0,1,13,0,13,13,13,0,-1,1,0,2,2,-2,1,1
332,45,66,0,1,22,0,22,22,22,-1,2,-3,2,8,1,-1,1,1
335,42,63,1,0,21,0,20,20,20,-1,3,-3,1,8,-2,2,1,1
339,19,30,1,1,9,0,9,9,9,0,1,0,-1,2,-3,3,1,1
348,27,42,0,1,13,0,13,13,13,-1,1,-1,1,4,2,-2,1,1
349,4,8,1,0,2,0,1,1,1,0,0,0,0,0,0,0,1,1
349,226,348,1,0,113,0,112,112,112,0,0,0,0,0,0,0,1,1
352,220,339,0,0,110,1,110,110,110,1,-2,2,-1,6,0,0,1,1
357,13,20,1,1,6,0,6,6,6,1,0,-1,0,2,-3,3,1,1
357,32,48,1,0,16,0,15,15,15,0,2,-3,1,6,-3,3,1,1
360,199,305,0,1,99,0,99,99,99,1,-3,3,-1,8,2,-2,1,1
364,15,21,0,1,7,0,7,7,7,-1,1,-1,1,4,2,-2,1,1
370,48,70,0,0,24,1,24,24,24,0,0,0,0,0,0,0,1,1
373,214,329,1,0,107,0,106,106,106,1,-2,2,-1,6,0,0,1,1
377,24,37,1,0,12,0,11,11,11,0,1,-1,0,2,-2,2,1,1
424,151,231,0,1,75,0,75,75,75,-1,1,-1,1,4,2,-2,1,1
429,25,35,1,1,12,0,12,12,12,1,-1,1,-1,4,-2,2,1,1
431,27,37,1,1,13,0,13,13,13,0,-1,2,-1,4,1,-1,1,1
441,21,29,1,1,10,0,10,10,10,1,-1,0,0,2,-1,1,1,1
442,21,29,0,1,10,0,10,10,10,0,-1,1,0,2,2,-2,1,1
445,665,995,1,1,332,0,332,332,332,4,-6,5,-3,18,-3,3,1,1
455,173,266,1,1,86,0,86,86,86,2,-3,3,-2,10,-2,2,1,1
456,167,257,0,1,83,0,83,83,83,1,-3,3,-1,8,2,-2,1,1
456,171,263,0,1,85,0,85,85,85,1,-3,4,-2,10,1,-1,1,1
457,171,263,1,1,85,0,85,85,85,2,-3,3,-2,10,-2,2,1,1
464,165,255,0,1,82,0,82,82,82,2,-3,2,-1,8,-1,1,1,1
472,55,87,0,1,27,0,27,27,27,0,-1,1,0,2,2,-2,1,1
496,84,133,0,0,42,1,42,42,42,-1,2,-2,1,6,0,0,1,1
503,111,174,1,1,55,0,55,55,55,0,-1,2,-1,4,1,-1,1,1
508,21,35,0,1,10,0,10,10,10,-1,1,-1,1,4,2,-2,1,1
529,45,72,1,1,22,0,22,22,22,0,2,-3,1,6,-3,3,1,1
529,59,95,1,1,29,0,29,29,29,0,2,-3,1,6,-3,3,1,1
533,6,11,1,0,3,0,2,2,2,0,0,0,0,0,0,0,1,1
537,4,8,1,0,2,0,1,1,1,-1,1,0,0,2,1,-1,1,1
537,95,149,1,1,47,0,47,47,47,0,0,1,-1,2,-1,1,1,1
539,6,11,1,0,3,0,2,2,2,1,-1,0,0,2,-1,1,1,1
541,4,8,1,0,2,0,1,1,1,1,-1,0,0,2,-1,1,1,1
549,13,20,1,1,6,0,6,6,6,1,0,-1,0,2,-3,3,1,1
554,92,142,0,0,46,1,46,46,46,0,-1,3,-2,6,0,0,1,1
555,92,142,1,0,46,0,45,45,45,1,-2,3,-2,8,-1,1,1,1
556,15,21,0,1,7,0,7,7,7,-1,1,-1,1,4,2,-2,1,1
559,82,126,1,0,41,0,40,40,40,1,-2,2,-1,6,0,0,1,1
591,134,205,1,0,67,0,66,66,66,1,-1,1,-1,4,-2,2,1,1
596,24,40,0,0,12,1,12,12,12,0,0,0,0,0,0,0,1,1
598,25,43,0,1,12,0,12,12,12,-1,1,-1,1,4,2,-2,1,1
604,19,32,0,1,9,0,9,9,9,-1,1,-1,1,4,2,-2,1,1
612,16,28,0,0,8,1,8,8,8,0,0,0,0,0,0,0,1,1
617,110,170,1,0,55,0,54,54,54,-1,0,0,1,2,4,-4,1,1
619,26,43,1,0,13,0,12,12,12,0,0,0,0,0,0,0,1,1
619,490,729,1,0,245,0,244,244,244,4,-6,5,-3,18,-3,3,1,1
620,24,40,0,0,12,1,12,12,12,0,0,0,0,0,0,0,1,1
628,16,28,0,0,8,1,8,8,8,0,0,0,0,0,0,0,1,1
629,6,11,1,0,3,0,2,2,2,0,0,0,0,0,0,0,1,1
629,105,163,1,1,52,0,52,52,52,0,1,-1,0,2,-2,2,1,1
633,4,8,1,0,2,0,1,1,1,-1,1,0,0,2,1,-1,1,1
635,6,11,1,0,3,0,2,2,2,1,-1,0,0,2,-1,1,1,1
637,4,8,1,0,2,0,1,1,1,1,-1,0,0,2,-1,1,1,1
649,462,682,1,0,231,0,230,230,230,2,-5,5,-2,14,2,-2,1,1
660,52,79,0,0,26,1,26,26,26,0,0,0,0,0,0,0,1,1
660,128,192,0,0,64,1,64,64,64,-2,4,-4,2,12,0,0,1,1
660,448,660,0,0,224,1,224,224,224,3,-6,6,-3,18,0,0,1,1
661,6,11,1,0,3,0,2,2,2,0,0,0,0,0,0,0,1,1
661,128,192,1,0,64,0,63,63,63,-2,4,-4,2,12,0,0,1,1
661,132,199,1,0,66,0,65,65,65,-3,5,-4,2,14,1,-1,1,1
661,448,660,1,0,224,0,223,223,223,3,-6,6,-3,18,0,0,1,1
661,451,665,1,1,225,0,225,225,225,3,-5,5,-3,16,-2,2,1,1
662,128,192,0,0,64,1,64,64,64,-2,4,-4,2,12,0,0,1,1
662,448,660,0,0,224,1,224,224,224,3,-6,6,-3,18,0,0,1,1
663,132,199,1,0,66,0,65,65,65,-2,5,-5,2,14,-2,2,1,1
664,444,657,0,0,222,1,222,222,222,3,-6,6,-3,18,0,0,1,1
665,4,8,1,0,2,0,1,1,1,-1,1,0,0,2,1,-1,1,1
665,130,196,1,0,65,0,64,64,64,-3,5,-4,2,14,1,-1,1,1
666,129,194,0,1,64,0,64,64,64,-3,5,-4,2,14,1,-1,1,1
667,6,11,1,0,3,0,2,2,2,1,-1,0,0,2,-1,1,1,1
669,4,8,1,0,2,0,1,1,1,1,-1,0,0,2,-1,1,1,1
674,41,60,0,1,20,0,20,20,20,-1,1,0,0,2,1,-1,1,1
676,1880,2808,0,0,940,1,940,940,940,0,0,0,0,0,0,0,1,1
681,8,11,1,0,4,0,3,3,3,0,1,-1,0,2,-2,2,1,1
681,14,18,1,0,7,0,6,6,6,-1,0,0,1,2,4,-4,1,1
681,1879,2805,1,1,939,0,939,939,939,0,0,1,-1,2,-1,1,1,1
688,60,87,0,0,30,1,30,30,30,-1,2,-2,1,6,0,0,1,1
689,57,83,1,1,28,0,28,28,28,0,1,-1,0,2,-2,2,1,1
689,456,671,1,0,228,0,227,227,227,0,-1,1,0,2,2,-2,1,1
695,207,302,1,1,103,0,103,103,103,-2,3,-2,1,8,1,-1,1,1
696,71,105,0,1,35,0,35,35,35,-3,5,-5,3,16,2,-2,1,1
696,75,111,0,1,37,0,37,37,37,-3,5,-4,2,14,1,-1,1,1
697,446,656,1,0,223,0,222,222,222,0,-2,2,0,4,4,-4,1,1
701,114,170,1,0,57,0,56,56,56,-2,4,-4,2,12,0,0,1,1
702,9,11,0,1,4,0,4,4,4,-1,1,-1,1,4,2,-2,1,1
702,124,185,0,0,62,1,62,62,62,-1,2,-2,1,6,0,0,1,1
703,442,650,1,0,221,0,220,220,220,2,-3,2,-1,8,-1,1,1,1
704,439,645,0,1,219,0,219,219,219,1,-3,3,-1,8,2,-2,1,1
706,48,70,0,0,24,1,24,24,24,-1,2,-2,1,6,0,0,1,1
709,32,48,1,0,16,0,15,15,15,-1,0,1,0,2,3,-3,1,1
712,27,40,0,1,13,0,13,13,13,0,-1,1,0,2,2,-2,1,1
716,45,66,0,1,22,0,22,22,22,-1,2,-3,2,8,1,-1,1,1
719,42,63,1,0,21,0,20,20,20,-1,3,-3,1,8,-2,2,1,1
720,400,590,0,0,200,1,200,200,200,2,-4,4,-2,12,0,0,1,1
723,19,30,1,1,9,0,9,9,9,0,1,0,-1,2,-3,3,1,1
732,27,42,0,1,13,0,13,13,13,-1,1,-1,1,4,2,-2,1,1
733,4,8,1,0,2,0,1,1,1,0,0,0,0,0,0,0,1,1
740,96,146,0,0,48,1,48,48,48,0,0,0,0,0,0,0,1,1
741,13,20,1,1,6,0,6,6,6,1,0,-1,0,2,-3,3,1,1
741,32,48,1,0,16,0,15,15,15,0,2,-3,1,6,-3,3,1,1
746,173,255,0,1,86,0,86,86,86,-1,1,-1,1,4,2,-2,1,1
747,434,637,1,0,217,0,216,216,216,2,-3,3,-2,10,-2,2,1,1
748,15,21,0,1,7,0,7,7,7,-1,1,-1,1,4,2,-2,1,1
748,427,628,0,1,213,0,213,213,213,1,-3,3,-1,8,2,-2,1,1
752,432,634,0,0,216,1,216,216,216,2,-4,4,-2,12,0,0,1,1
754,48,70,0,0,24,1,24,24,24,0,0,0,0,0,0,0,1,1
761,24,37,1,0,12,0,11,11,11,0,1,-1,0,2,-2,2,1,1
765,377,555,1,1,188,0,188,188,188,3,-5,5,-3,16,-2,2,1,1
765,409,603,1,1,204,0,204,204,204,3,-5,5,-3,16,-2,2,1,1
767,411,605,1,1,205,0,205,205,205,2,-5,6,-3,16,1,-1,1,1
777,405,597,1,1,202,0,202,202,202,3,-5,4,-2,14,-1,1,1,1
778,405,597,0,1,202,0,202,202,202,2,-5,5,-2,14,2,-2,1,1
782,403,594,0,1,201,0,201,201,201,3,-6,5,-2,16,1,-1,1,1
813,25,35,1,1,12,0,12,12,12,1,-1,1,-1,4,-2,2,1,1
815,27,37,1,1,13,0,13,13,13,0,-1,2,-1,4,1,-1,1,1
820,356,521,0,0,178,1,178,178,178,2,-4,4,-2,12,0,0,1,1
823,362,531,1,0,181,0,180,180,180,3,-5,5,-3,16,-2,2,1,1
825,21,29,1,1,10,0,10,10,10,1,-1,0,0,2,-1,1,1,1
826,21,29,0,1,10,0,10,10,10,0,-1,1,0,2,2,-2,1,1
835,350,512,1,0,175,0,174,174,174,3,-5,5,-3,16,-2,2,1,1
856,55,87,0,1,27,0,27,27,27,0,-1,1,0,2,2,-2,1,1
881,360,531,1,0,180,0,179,179,179,2,-5,5,-2,14,2,-2,1,1
892,21,35,0,1,10,0,10,10,10,-1,1,-1,1,4,2,-2,1,1
901,336,494,1,0,168,0,167,167,167,4,-6,5,-3,18,-3,3,1,1
904,336,494,0,0,168,1,168,168,168,2,-4,4,-2,12,0,0,1,1
905,336,494,1,0,168,0,167,167,167,2,-4,4,-2,12,0,0,1,1
906,336,494,0,0,168,1,168,168,168,2,-4,4,-2,12,0,0,1,1
907,336,494,1,0,168,0,167,167,167,2,-4,4,-2,12,0,0,1,1
908,336,494,0,0,168,1,168,168,168,2,-4,4,-2,12,0,0,1,1
909,336,494,1,0,168,0,167,167,167,2,-4,4,-2,12,0,0,1,1
910,336,494,0,0,168,1,168,168,168,2,-4,4,-2,12,0,0,1,1
911,336,494,1,0,168,0,167,167,167,2,-4,4,-2,12,0,0,1,1
912,336,494,0,0,168,1,168,168,168,2,-4,4,-2,12,0,0,1,1
913,336,494,1,0,168,0,167,167,167,2,-4,4,-2,12,0,0,1,1
914,336,494,0,0,168,1,168,168,168,2,-4,4,-2,12,0,0,1,1
915,336,494,1,0,168,0,167,167,167,2,-4,4,-2,12,0,0,1,1
916,320,468,0,0,160,1,160,160,160,3,-6,6,-3,18,0,0,1,1
916,336,494,0,0,168,1,168,168,168,2,-4,4,-2,12,0,0,1,1
917,6,11,1,0,3,0,2,2,2,0,0,0,0,0,0,0,1,1
917,176,258,1,0,88,0,87,87,87,1,-2,2,-1,6,0,0,1,1
917,179,263,1,1,89,0,89,89,89,1,-1,1,-1,4,-2,2,1,1
917,320,468,1,0,160,0,159,159,159,3,-6,6,-3,18,0,0,1,1
917,323,473,1,1,161,0,161,161,161,3,-5,5,-3,16,-2,2,1,1
917,336,494,1,0,168,0,167,167,167,2,-4,4,-2,12,0,0,1,1
918,320,468,0,0,160,1,160,160,160,3,-6,6,-3,18,0,0,1,1
918,336,494,0,0,168,1,168,168,168,2,-4,4,-2,12,0,0,1,1
919,336,494,1,0,168,0,167,167,167,2,-4,4,-2,12,0,0,1,1
920,316,465,0,0,158,1,158,158,158,3,-6,6,-3,18,0,0,1,1
920,336,494,0,0,168,1,168,168,168,2,-4,4,-2,12,0,0,1,1
921,4,8,1,0,2,0,1,1,1,-1,1,0,0,2,1,-1,1,1
921,336,494,1,0,168,0,167,167,167,2,-4,4,-2,12,0,0,1,1
922,177,260,0,1,88,0,88,88,88,0,-1,2,-1,4,1,-1,1,1
922,336,494,0,0,168,1,168,168,168,2,-4,4,-2,12,0,0,1,1
923,6,11,1,0,3,0,2,2,2,1,-1,0,0,2,-1,1,1,1
923,336,494,1,0,168,0,167,167,167,2,-4,4,-2,12,0,0,1,1
924,336,494,0,0,168,1,168,168,168,2,-4,4,-2,12,0,0,1,1
925,4,8,1,0,2,0,1,1,1,1,-1,0,0,2,-1,1,1,1
925,336,494,1,0,168,0,167,167,167,2,-4,4,-2,12,0,0,1,1
926,336,494,0,0,168,1,168,168,168,2,-4,4,-2,12,0,0,1,1
927,336,494,1,0,168,0,167,167,167,2,-4,4,-2,12,0,0,1,1
928,171,249,0,1,85,0,85,85,85,0,-1,2,-1,4,1,-1,1,1
928,172,251,0,0,86,1,86,86,86,1,-2,2,-1,6,0,0,1,1
928,336,494,0,0,168,1,168,168,168,2,-4,4,-2,12,0,0,1,1
933,13,20,1,1,6,0,6,6,6,1,0,-1,0,2,-3,3,1,1
933,32,48,1,0,16,0,15,15,15,0,2,-3,1,6,-3,3,1,1
933,112,162,1,0,56,0,55,55,55,2,-3,2,-1,8,-1,1,1,1
934,111,162,0,1,55,0,55,55,55,2,-3,2,-1,8,-1,1,1,1
940,15,21,0,1,7,0,7,7,7,-1,1,-1,1,4,2,-2,1,1
948,100,145,0,0,50,1,50,50,50,1,-2,2,-1,6,0,0,1,1
953,24,37,1,0,12,0,11,11,11,0,1,-1,0,2,-2,2,1,1
956,108,155,0,0,54,1,54,54,54,1,-2,2,-1,6,0,0,1,1
973,89,127,1,1,44,0,44,44,44,2,-2,1,-1,6,-3,3,1,1
993,231,337,1,1,115,0,115,115,115,0,0,1,-1,2,-1,1,1,1
994,84,121,0,0,42,1,42,42,42,1,-2,2,-1,6,0,0,1,1
995,84,121,1,0,42,0,41,41,41,1,-2,2,-1,6,0,0,1,1
996,84,121,0,0,42,1,42,42,42,1,-2,2,-1,6,0,0,1,1
997,80,114,1,0,40,0,39,39,39,2,-3,2,-1,8,-1,1,1,1
997,84,121,1,0,42,0,41,41,41,1,-2,2,-1,6,0,0,1,1
998,79,114,0,1,39,0,39,39,39,2,-3,2,-1,8,-1,1,1,1
998,84,121,0,0,42,1,42,42,42,1,-2,2,-1,6,0,0,1,1
999,84,121,1,0,42,0,41,41,41,1,-2,2,-1,6,0,0,1,1
1000,43,61,0,1,21,0,21,21,21,0,-1,1,0,2,2,-2,1,1
1000,84,121,0,0,42,1,42,42,42,1,-2,2,-1,6,0,0,1,1
1005,25,35,1,1,12,0,12,12,12,1,-1,1,-1,4,-2,2,1,1
1007,27,37,1,1,13,0,13,13,13,0,-1,2,-1,4,1,-1,1,1
1017,21,29,1,1,10,0,10,10,10,1,-1,0,0,2,-1,1,1,1
1018,21,29,0,1,10,0,10,10,10,0,-1,1,0,2,2,-2,1,1
1031,30,40,1,0,15,0,14,14,14,0,1,-1,0,2,-2,2,1,1
1052,120,170,0,0,60,1,60,60,60,-1,2,-2,1,6,0,0,1,1
1056,117,165,0,1,58,0,58,58,58,0,1,-2,1,4,-1,1,1,1
1064,195,284,0,1,97,0,97,97,97,0,-1,1,0,2,2,-2,1,1
1066,12,15,0,0,6,1,6,6,6,0,0,0,0,0,0,0,1,1
1069,11,13,1,1,5,0,5,5,5,0,1,-1,0,2,-2,2,1,1
1069,108,151,1,0,54,0,53,53,53,-2,3,-3,2,10,2,-2,1,1
1071,9,10,1,1,4,0,4,4,4,-1,1,-1,1,4,2,-2,1,1
1073,15,18,1,1,7,0,7,7,7,0,0,1,-1,2,-1,1,1,1
1074,8,9,0,0,4,1,4,4,4,-1,1,1,-1,4,0,0,1,1
1078,12,15,0,0,6,1,6,6,6,0,0,0,0,0,0,0,1,1
1080,11,13,0,1,5,0,5,5,5,0,-1,1,0,2,2,-2,1,1
1082,8,9,0,0,4,1,4,4,4,1,-1,-1,1,4,0,0,1,1
1084,51,72,0,1,25,0,25,25,25,-1,1,-1,1,4,2,-2,1,1
1086,181,263,0,1,90,0,90,90,90,0,-1,1,0,2,2,-2,1,1
1089,179,261,1,1,89,0,89,89,89,1,-1,1,-1,4,-2,2,1,1
1090,48,70,0,0,24,1,24,24,24,-1,2,-2,1,6,0,0,1,1
1092,177,258,0,1,88,0,88,88,88,1,-1,0,0,2,-1,1,1,1
1093,32,48,1,0,16,0,15,15,15,-1,0,1,0,2,3,-3,1,1
1096,27,40,0,1,13,0,13,13,13,0,-1,1,0,2,2,-2,1,1
1100,45,66,0,1,22,0,22,22,22,-1,2,-3,2,8,1,-1,1,1
1103,42,63,1,0,21,0,20,20,20,-1,3,-3,1,8,-2,2,1,1
1107,19,30,1,1,9,0,9,9,9,0,1,0,-1,2,-3,3,1,1
1116,27,42,0,1,13,0,13,13,13,-1,1,-1,1,4,2,-2,1,1
1117,4,8,1,0,2,0,1,1,1,0,0,0,0,0,0,0,1,1
1125,13,20,1,1,6,0,6,6,6,1,0,-1,0,2,-3,3,1,1
1125,32,48,1,0,16,0,15,15,15,0,2,-3,1,6,-3,3,1,1
1132,15,21,0,1,7,0,7,7,7,-1,1,-1,1,4,2,-2,1,1
1145,24,37,1,0,12,0,11,11,11,0,1,-1,0,2,-2,2,1,1
1165,73,101,1,1,36,0,36,36,36,2,-2,1,-1,6,-3,3,1,1
1185,266,393,1,0,133,0,132,132,132,0,-2,2,0,4,4,-4,1,1
1189,48,66,1,0,24,0,23,23,23,1,-1,0,0,2,-1,1,1,1
1190,47,66,0,1,23,0,23,23,23,1,-1,0,0,2,-1,1,1,1
1192,48,66,0,0,24,1,24,24,24,0,0,0,0,0,0,0,1,1
1197,25,35,1,1,12,0,12,12,12,1,-1,1,-1,4,-2,2,1,1
1199,27,37,1,1,13,0,13,13,13,0,-1,2,-1,4,1,-1,1,1
1201,44,59,1,0,22,0,21,21,21,1,0,-1,0,2,-3,3,1,1
1204,44,59,0,0,22,1,22,22,22,-1,2,-2,1,6,0,0,1,1
1209,21,29,1,1,10,0,10,10,10,1,-1,0,0,2,-1,1,1,1
1210,21,29,0,1,10,0,10,10,10,0,-1,1,0,2,2,-2,1,1
1212,35,46,0,1,17,0,17,17,17,-1,1,-1,1,4,2,-2,1,1
1212,36,47,0,0,18,1,18,18,18,-1,2,-2,1,6,0,0,1,1
1217,32,42,1,0,16,0,15,15,15,-2,2,-1,1,6,3,-3,1,1
1219,32,42,1,0,16,0,15,15,15,-1,2,-1,0,4,-1,1,1,1
1220,60,81,0,0,30,1,30,30,30,0,0,0,0,0,0,0,1,1
1224,32,42,0,0,16,1,16,16,16,0,0,0,0,0,0,0,1,1
1235,49,66,1,1,24,0,24,24,24,0,0,0,0,0,0,0,1,1
1237,48,66,1,0,24,0,23,23,23,0,0,0,0,0,0,0,1,1
1237,51,71,1,1,25,0,25,25,25,0,1,-1,0,2,-2,2,1,1
1240,48,66,0,0,24,1,24,24,24,0,0,0,0,0,0,0,1,1
1246,45,61,0,1,22,0,22,22,22,0,-1,2,-1,4,1,-1,1,1
1248,43,57,0,1,21,0,21,21,21,0,-1,2,-1,4,1,-1,1,1
1248,44,59,0,0,22,1,22,22,22,1,-2,2,-1,6,0,0,1,1
1249,32,42,1,0,16,0,15,15,15,2,-2,1,-1,6,-3,3,1,1
1249,209,305,1,1,104,0,104,104,104,1,0,-1,0,2,-3,3,1,1
1251,32,42,1,0,16,0,15,15,15,1,-2,1,0,4,1,-1,1,1
1254,212,311,0,0,106,1,106,106,106,0,0,0,0,0,0,0,1,1
1256,32,42,0,0,16,1,16,16,16,0,0,0,0,0,0,0,1,1
1258,12,15,0,0,6,1,6,6,6,0,0,0,0,0,0,0,1,1
1261,11,13,1,1,5,0,5,5,5,0,1,-1,0,2,-2,2,1,1
1263,9,10,1,1,4,0,4,4,4,-1,1,-1,1,4,2,-2,1,1
1264,204,297,0,0,102,1,102,102,102,-1,2,-2,1,6,0,0,1,1
1265,15,18,1,1,7,0,7,7,7,0,0,1,-1,2,-1,1,1,1
1266,8,9,0,0,4,1,4,4,4,-1,1,1,-1,4,0,0,1,1
1270,12,15,0,0,6,1,6,6,6,0,0,0,0,0,0,0,1,1
1272,11,13,0,1,5,0,5,5,5,0,-1,1,0,2,2,-2,1,1
1274,8,9,0,0,4,1,4,4,4,1,-1,-1,1,4,0,0,1,1
1285,159,238,1,1,79,0,79,79,79,0,0,1,-1,2,-1,1,1,1
1285,192,284,1,0,96,0,95,95,95,-1,3,-3,1,8,-2,2,1,1
1287,30,40,1,0,15,0,14,14,14,0,1,-1,0,2,-2,2,1,1
1287,158,236,1,0,79,0,78,78,78,0,-1,2,-1,4,1,-1,1,1
1288,192,284,0,0,96,1,96,96,96,-2,4,-4,2,12,0,0,1,1
1289,156,233,1,0,78,0,77,77,77,0,-1,1,0,2,2,-2,1,1
1289,191,282,1,1,95,0,95,95,95,-1,4,-5,2,12,-3,3,1,1
1291,156,233,1,0,78,0,77,77,77,0,-1,2,-1,4,1,-1,1,1
1297,276,413,1,0,138,0,137,137,137,-4,7,-6,3,20,1,-1,1,1
1299,142,214,1,0,71,0,70,70,70,1,-1,1,-1,4,-2,2,1,1
1299,276,413,1,0,138,0,137,137,137,-3,7,-7,3,20,-2,2,1,1
1300,128,192,0,0,64,1,64,64,64,0,0,0,0,0,0,0,1,1
1301,128,192,1,0,64,0,63,63,63,0,0,0,0,0,0,0,1,1
1302,128,192,0,0,64,1,64,64,64,0,0,0,0,0,0,0,1,1
1303,271,406,1,1,135,0,135,135,135,-4,7,-6,3,20,1,-1,1,1
1309,127,190,1,1,63,0,63,63,63,1,-1,1,-1,4,-2,2,1,1
1311,126,188,1,0,63,0,62,62,62,1,-2,2,-1,6,0,0,1,1
1312,108,161,0,0,54,1,54,54,54,1,-2,2,-1,6,0,0,1,1
1313,124,185,1,0,62,0,61,61,61,1,-2,2,-1,6,0,0,1,1
1315,124,185,1,0,62,0,61,61,61,1,-2,2,-1,6,0,0,1,1
1317,258,387,1,0,129,0,128,128,128,-3,6,-5,2,16,-1,1,1,1
1322,12,15,0,0,6,1,6,6,6,0,0,0,0,0,0,0,1,1
1325,11,13,1,1,5,0,5,5,5,0,1,-1,0,2,-2,2,1,1
1326,135,204,0,1,67,0,67,67,67,1,-1,0,0,2,-1,1,1,1
1326,136,205,0,0,68,1,68,68,68,1,-1,-1,1,4,0,0,1,1
1327,9,10,1,1,4,0,4,4,4,-1,1,-1,1,4,2,-2,1,1
1328,180,267,0,0,90,1,90,90,90,-3,6,-6,3,18,0,0,1,1
1329,15,18,1,1,7,0,7,7,7,0,0,1,-1,2,-1,1,1,1
1330,8,9,0,0,4,1,4,4,4,-1,1,1,-1,4,0,0,1,1
1330,132,199,0,0,66,1,66,66,66,0,0,0,0,0,0,0,1,1
1333,173,260,1,1,86,0,86,86,86,-2,5,-5,2,14,-2,2,1,1
1334,12,15,0,0,6,1,6,6,6,0,0,0,0,0,0,0,1,1
1336,11,13,0,1,5,0,5,5,5,0,-1,1,0,2,2,-2,1,1
1338,8,9,0,0,4,1,4,4,4,1,-1,-1,1,4,0,0,1,1
1340,168,252,0,0,84,1,84,84,84,-3,6,-6,3,18,0,0,1,1
1356,76,117,0,0,38,1,38,38,38,0,0,0,0,0,0,0,1,1
1362,16,26,0,0,8,1,8,8,8,0,0,0,0,0,0,0,1,1
1367,911,1386,1,1,455,0,455,455,455,0,-1,2,-1,4,1,-1,1,1
1370,909,1383,0,1,454,0,454,454,454,0,-1,2,-1,4,1,-1,1,1
1373,4,8,1,0,2,0,1,1,1,0,0,0,0,0,0,0,1,1
1376,117,181,0,1,58,0,58,58,58,0,1,-2,1,4,-1,1,1,1
1377,118,182,1,0,59,0,58,58,58,-2,2,-2,2,8,4,-4,1,1
1378,17,28,0,1,8,0,8,8,8,0,-1,1,0,2,2,-2,1,1
1379,118,181,1,0,59,0,58,58,58,-1,2,-2,1,6,0,0,1,1
1380,109,169,0,1,54,0,54,54,54,0,1,-2,1,4,-1,1,1,1
1380,901,1370,0,1,450,0,450,450,450,2,-4,3,-1,10,1,-1,1,1
1389,111,170,1,1,55,0,55,55,55,-1,3,-3,1,8,-2,2,1,1
1390,233,351,0,1,116,0,116,116,116,-3,5,-5,3,16,2,-2,1,1
1392,108,165,0,0,54,1,54,54,54,-1,2,-2,1,6,0,0,1,1
1393,111,170,1,1,55,0,55,55,55,-2,4,-3,1,10,-1,1,1,1
1395,104,161,1,0,52,0,51,51,51,-1,2,-2,1,6,0,0,1,1
1396,16,28,0,0,8,1,8,8,8,-1,2,-2,1,6,0,0,1,1
1396,904,1374,0,0,452,1,452,452,452,0,0,0,0,0,0,0,1,1
1397,105,163,1,1,52,0,52,52,52,-1,3,-3,1,8,-2,2,1,1
1397,880,1338,1,0,440,0,439,439,439,0,-2,3,-1,6,3,-3,1,1
1401,103,159,1,1,51,0,51,51,51,-2,4,-3,1,10,-1,1,1,1
1402,101,156,0,1,50,0,50,50,50,-2,3,-3,2,10,2,-2,1,1
1405,4,8,1,0,2,0,1,1,1,0,0,0,0,0,0,0,1,1
1405,249,375,1,1,124,0,124,124,124,-1,3,-3,1,8,-2,2,1,1
1405,880,1338,1,0,440,0,439,439,439,2,-4,4,-2,12,0,0,1,1
1408,880,1338,0,0,440,1,440,440,440,2,-4,4,-2,12,0,0,1,1
1409,244,366,1,0,122,0,121,121,121,-1,3,-3,1,8,-2,2,1,1
1412,243,364,0,1,121,0,121,121,121,-2,3,-3,2,10,2,-2,1,1
1421,805,1222,1,1,402,0,402,402,402,4,-7,7,-4,22,-2,2,1,1
1428,52,79,0,0,26,1,26,26,26,0,0,0,0,0,0,0,1,1
1428,128,192,0,0,64,1,64,64,64,-2,4,-4,2,12,0,0,1,1
1429,6,11,1,0,3,0,2,2,2,0,0,0,0,0,0,0,1,1
1429,128,192,1,0,64,0,63,63,63,-2,4,-4,2,12,0,0,1,1
1429,132,199,1,0,66,0,65,65,65,-3,5,-4,2,14,1,-1,1,1
1430,128,192,0,0,64,1,64,64,64,-2,4,-4,2,12,0,0,1,1
1431,132,199,1,0,66,0,65,65,65,-2,5,-5,2,14,-2,2,1,1
1433,4,8,1,0,2,0,1,1,1,-1,1,0,0,2,1,-1,1,1
1433,130,196,1,0,65,0,64,64,64,-3,5,-4,2,14,1,-1,1,1
1434,129,194,0,1,64,0,64,64,64,-3,5,-4,2,14,1,-1,1,1
1435,6,11,1,0,3,0,2,2,2,1,-1,0,0,2,-1,1,1,1
1437,4,8,1,0,2,0,1,1,1,1,-1,0,0,2,-1,1,1,1
1440,796,1207,0,0,398,1,398,398,398,3,-6,6,-3,18,0,0,1,1
1442,41,60,0,1,20,0,20,20,20,-1,1,0,0,2,1,-1,1,1
1449,8,11,1,0,4,0,3,3,3,0,1,-1,0,2,-2,2,1,1
1449,14,18,1,0,7,0,6,6,6,-1,0,0,1,2,4,-4,1,1
1456,60,87,0,0,30,1,30,30,30,-1,2,-2,1,6,0,0,1,1
1457,57,83,1,1,28,0,28,28,28,0,1,-1,0,2,-2,2,1,1
1464,71,105,0,1,35,0,35,35,35,-3,5,-5,3,16,2,-2,1,1
1464,75,111,0,1,37,0,37,37,37,-3,5,-4,2,14,1,-1,1,1
1469,114,170,1,0,57,0,56,56,56,-2,4,-4,2,12,0,0,1,1
1470,9,11,0,1,4,0,4,4,4,-1,1,-1,1,4,2,-2,1,1
1470,124,185,0,0,62,1,62,62,62,-1,2,-2,1,6,0,0,1,1
1474,48,70,0,0,24,1,24,24,24,-1,2,-2,1,6,0,0,1,1
1477,32,48,1,0,16,0,15,15,15,-1,0,1,0,2,3,-3,1,1
1477,192,284,1,0,96,0,95,95,95,-2,2,-1,1,6,3,-3,1,1
1477,195,289,1,1,97,0,97,97,97,0,1,-1,0,2,-2,2,1,1
1480,27,40,0,1,13,0,13,13,13,0,-1,1,0,2,2,-2,1,1
1480,192,284,0,0,96,1,96,96,96,0,0,0,0,0,0,0,1,1
1484,45,66,0,1,22,0,22,22,22,-1,2,-3,2,8,1,-1,1,1
1487,42,63,1,0,21,0,20,20,20,-1,3,-3,1,8,-2,2,1,1
1491,19,30,1,1,9,0,9,9,9,0,1,0,-1,2,-3,3,1,1
1492,856,1300,0,0,428,1,428,428,428,2,-4,4,-2,12,0,0,1,1
1500,27,42,0,1,13,0,13,13,13,-1,1,-1,1,4,2,-2,1,1
1501,4,8,1,0,2,0,1,1,1,0,0,0,0,0,0,0,1,1
1508,96,146,0,0,48,1,48,48,48,0,0,0,0,0,0,0,1,1
1509,13,20,1,1,6,0,6,6,6,1,0,-1,0,2,-3,3,1,1
1509,32,48,1,0,16,0,15,15,15,0,2,-3,1,6,-3,3,1,1
1514,173,255,0,1,86,0,86,86,86,-1,1,-1,1,4,2,-2,1,1
1516,15,21,0,1,7,0,7,7,7,-1,1,-1,1,4,2,-2,1,1
1522,48,70,0,0,24,1,24,24,24,0,0,0,0,0,0,0,1,1
1529,24,37,1,0,12,0,11,11,11,0,1,-1,0,2,-2,2,1,1
1581,25,35,1,1,12,0,12,12,12,1,-1,1,-1,4,-2,2,1,1
1583,27,37,1,1,13,0,13,13,13,0,-1,2,-1,4,1,-1,1,1
1593,21,29,1,1,10,0,10,10,10,1,-1,0,0,2,-1,1,1,1
1593,911,1375,1,1,455,0,455,455,455,2,-4,5,-3,14,-1,1,1,1
1594,21,29,0,1,10,0,10,10,10,0,-1,1,0,2,2,-2,1,1
1624,55,87,0,1,27,0,27,27,27,0,-1,1,0,2,2,-2,1,1
1660,21,35,0,1,10,0,10,10,10,-1,1,-1,1,4,2,-2,1,1
1685,6,11,1,0,3,0,2,2,2,0,0,0,0,0,0,0,1,1
1689,4,8,1,0,2,0,1,1,1,-1,1,0,0,2,1,-1,1,1
1691,6,11,1,0,3,0,2,2,2,1,-1,0,0,2,-1,1,1,1
1693,4,8,1,0,2,0,1,1,1,1,-1,0,0,2,-1,1,1,1
1696,604,915,0,0,302,1,302,302,302,-1,2,-2,1,6,0,0,1,1
1701,13,20,1,1,6,0,6,6,6,1,0,-1,0,2,-3,3,1,1
1701,32,48,1,0,16,0,15,15,15,0,2,-3,1,6,-3,3,1,1
1701,112,162,1,0,56,0,55,55,55,2,-3,2,-1,8,-1,1,1,1
1702,111,162,0,1,55,0,55,55,55,2,-3,2,-1,8,-1,1,1,1
1708,15,21,0,1,7,0,7,7,7,-1,1,-1,1,4,2,-2,1,1
1710,844,1275,0,0,422,1,422,422,422,3,-6,6,-3,18,0,0,1,1
1716,100,145,0,0,50,1,50,50,50,1,-2,2,-1,6,0,0,1,1
1721,24,37,1,0,12,0,11,11,11,0,1,-1,0,2,-2,2,1,1
1724,108,155,0,0,54,1,54,54,54,1,-2,2,-1,6,0,0,1,1
1741,89,127,1,1,44,0,44,44,44,2,-2,1,-1,6,-3,3,1,1
1762,84,121,0,0,42,1,42,42,42,1,-2,2,-1,6,0,0,1,1
1763,84,121,1,0,42,0,41,41,41,1,-2,2,-1,6,0,0,1,1
1764,84,121,0,0,42,1,42,42,42,1,-2,2,-1,6,0,0,1,1
1765,80,114,1,0,40,0,39,39,39,2,-3,2,-1,8,-1,1,1,1
1765,84,121,1,0,42,0,41,41,41,1,-2,2,-1,6,0,0,1,1
1766,79,114,0,1,39,0,39,39,39,2,-3,2,-1,8,-1,1,1,1
1766,84,121,0,0,42,1,42,42,42,1,-2,2,-1,6,0,0,1,1
1767,84,121,1,0,42,0,41,41,41,1,-2,2,-1,6,0,0,1,1
1768,43,61,0,1,21,0,21,21,21,0,-1,1,0,2,2,-2,1,1
1768,84,121,0,0,42,1,42,42,42,1,-2,2,-1,6,0,0,1,1
1773,25,35,1,1,12,0,12,12,12,1,-1,1,-1,4,-2,2,1,1
1775,27,37,1,1,13,0,13,13,13,0,-1,2,-1,4,1,-1,1,1
1785,21,29,1,1,10,0,10,10,10,1,-1,0,0,2,-1,1,1,1
1786,21,29,0,1,10,0,10,10,10,0,-1,1,0,2,2,-2,1,1
1799,30,40,1,0,15,0,14,14,14,0,1,-1,0,2,-2,2,1,1
1800,551,833,0,1,275,0,275,275,275,-1,1,-1,1,4,2,-2,1,1
1811,689,1046,1,1,344,0,344,344,344,2,-4,4,-2,12,0,0,1,1
1813,688,1046,1,0,344,0,343,343,343,2,-4,4,-2,12,0,0,1,1
1816,679,1033,0,1,339,0,339,339,339,2,-5,5,-2,14,2,-2,1,1
1820,692,1051,0,0,346,1,346,346,346,3,-6,6,-3,18,0,0,1,1
1822,684,1039,0,0,342,1,342,342,342,3,-6,6,-3,18,0,0,1,1
1823,684,1039,1,0,342,0,341,341,341,3,-6,6,-3,18,0,0,1,1
1824,668,1015,0,0,334,1,334,334,334,3,-6,6,-3,18,0,0,1,1
1824,684,1039,0,0,342,1,342,342,342,3,-6,6,-3,18,0,0,1,1
1825,684,1039,1,0,342,0,341,341,341,3,-6,6,-3,18,0,0,1,1
1826,360,547,0,0,180,1,180,180,180,3,-5,3,-1,12,0,0,1,1
1826,684,1039,0,0,342,1,342,342,342,3,-6,6,-3,18,0,0,1,1
1827,360,547,1,0,180,0,179,179,179,2,-4,3,-1,10,1,-1,1,1
1827,684,1039,1,0,342,0,341,341,341,3,-6,6,-3,18,0,0,1,1
1828,684,1039,0,0,342,1,342,342,342,3,-6,6,-3,18,0,0,1,1
1830,356,541,0,0,178,1,178,178,178,2,-4,4,-2,12,0,0,1,1
1831,360,547,1,0,180,0,179,179,179,1,-2,2,-1,6,0,0,1,1
1834,12,15,0,0,6,1,6,6,6,0,0,0,0,0,0,0,1,1
1837,11,13,1,1,5,0,5,5,5,0,1,-1,0,2,-2,2,1,1
1837,533,808,1,1,266,0,266,266,266,1,0,-1,0,2,-3,3,1,1
1839,9,10,1,1,4,0,4,4,4,-1,1,-1,1,4,2,-2,1,1
1839,372,568,1,0,186,0,185,185,185,1,-3,3,-1,8,2,-2,1,1
1841,15,18,1,1,7,0,7,7,7,0,0,1,-1,2,-1,1,1,1
1841,355,539,1,1,177,0,177,177,177,1,-2,3,-2,8,-1,1,1,1
1842,8,9,0,0,4,1,4,4,4,-1,1,1,-1,4,0,0,1,1
1843,657,998,1,1,328,0,328,328,328,2,-4,4,-2,12,0,0,1,1
1845,354,539,1,0,177,0,176,176,176,1,-2,2,-1,6,0,0,1,1
1845,656,998,1,0,328,0,327,327,327,2,-4,4,-2,12,0,0,1,1
1846,12,15,0,0,6,1,6,6,6,0,0,0,0,0,0,0,1,1
1848,11,13,0,1,5,0,5,5,5,0,-1,1,0,2,2,-2,1,1
1850,8,9,0,0,4,1,4,4,4,1,-1,-1,1,4,0,0,1,1
1852,51,72,0,1,25,0,25,25,25,-1,1,-1,1,4,2,-2,1,1
1856,660,1005,0,0,330,1,330,330,330,3,-6,6,-3,18,0,0,1,1
1858,48,70,0,0,24,1,24,24,24,-1,2,-2,1,6,0,0,1,1
1861,32,48,1,0,16,0,15,15,15,-1,0,1,0,2,3,-3,1,1
1864,27,40,0,1,13,0,13,13,13,0,-1,1,0,2,2,-2,1,1
1868,45,66,0,1,22,0,22,22,22,-1,2,-3,2,8,1,-1,1,1
1871,42,63,1,0,21,0,20,20,20,-1,3,-3,1,8,-2,2,1,1
1875,19,30,1,1,9,0,9,9,9,0,1,0,-1,2,-3,3,1,1
1884,27,42,0,1,13,0,13,13,13,-1,1,-1,1,4,2,-2,1,1
1885,4,8,1,0,2,0,1,1,1,0,0,0,0,0,0,0,1,1
1888,220,339,0,0,110,1,110,110,110,1,-2,2,-1,6,0,0,1,1
1893,13,20,1,1,6,0,6,6,6,1,0,-1,0,2,-3,3,1,1
1893,32,48,1,0,16,0,15,15,15,0,2,-3,1,6,-3,3,1,1
1896,199,305,0,1,99,0,99,99,99,1,-3,3,-1,8,2,-2,1,1
1900,15,21,0,1,7,0,7,7,7,-1,1,-1,1,4,2,-2,1,1
1906,48,70,0,0,24,1,24,24,24,0,0,0,0,0,0,0,1,1
1909,214,329,1,0,107,0,106,106,106,1,-2,2,-1,6,0,0,1,1
1913,24,37,1,0,12,0,11,11,11,0,1,-1,0,2,-2,2,1,1
1949,206,319,1,0,103,0,102,102,102,2,-4,4,-2,12,0,0,1,1
1951,204,316,1,0,102,0,101,101,101,2,-4,4,-2,12,0,0,1,1
1954,304,470,0,0,152,1,152,152,152,0,0,0,0,0,0,0,1,1
1960,151,231,0,1,75,0,75,75,75,-1,1,-1,1,4,2,-2,1,1
1965,25,35,1,1,12,0,12,12,12,1,-1,1,-1,4,-2,2,1,1
1967,27,37,1,1,13,0,13,13,13,0,-1,2,-1,4,1,-1,1,1
1974,468,715,0,0,234,1,234,234,234,2,-4,4,-2,12,0,0,1,1
1977,21,29,1,1,10,0,10,10,10,1,-1,0,0,2,-1,1,1,1
1978,21,29,0,1,10,0,10,10,10,0,-1,1,0,2,2,-2,1,1
1981,462,705,1,0,231,0,230,230,230,2,-3,2,-1,8,-1,1,1,1
1984,336,518,0,0,168,1,168,168,168,-2,4,-4,2,12,0,0,1,1
1985,291,449,1,1,145,0,145,145,145,-1,3,-3,1,8,-2,2,1,1
1986,192,296,0,0,96,1,96,96,96,2,-4,4,-2,12,0,0,1,1
1987,456,697,1,0,228,0,227,227,227,1,-2,2,-1,6,0,0,1,1
1989,457,699,1,1,228,0,228,228,228,1,-1,1,-1,4,-2,2,1,1
1991,173,266,1,1,86,0,86,86,86,2,-3,3,-2,10,-2,2,1,1
1991,287,444,1,1,143,0,143,143,143,-1,2,-1,0,4,-1,1,1,1
1992,167,257,0,1,83,0,83,83,83,1,-3,3,-1,8,2,-2,1,1
1992,171,263,0,1,85,0,85,85,85,1,-3,4,-2,10,1,-1,1,1
1993,171,263,1,1,85,0,85,85,85,2,-3,3,-2,10,-2,2,1,1
2000,165,255,0,1,82,0,82,82,82,2,-3,2,-1,8,-1,1,1,1
2008,55,87,0,1,27,0,27,27,27,0,-1,1,0,2,2,-2,1,1
2012,444,681,0,0,222,1,222,222,222,1,-2,2,-1,6,0,0,1,1
2032,84,133,0,0,42,1,42,42,42,-1,2,-2,1,6,0,0,1,1
2039,111,174,1,1,55,0,55,55,55,0,-1,2,-1,4,1,-1,1,1
2044,21,35,0,1,10,0,10,10,10,-1,1,-1,1,4,2,-2,1,1
2065,45,72,1,1,22,0,22,22,22,0,2,-3,1,6,-3,3,1,1
2065,59,95,1,1,29,0,29,29,29,0,2,-3,1,6,-3,3,1,1
2065,205,320,1,1,102,0,102,102,102,0,2,-3,1,6,-3,3,1,1
2069,6,11,1,0,3,0,2,2,2,0,0,0,0,0,0,0,1,1
2073,4,8,1,0,2,0,1,1,1,-1,1,0,0,2,1,-1,1,1
2073,95,149,1,1,47,0,47,47,47,0,0,1,-1,2,-1,1,1,1
2075,6,11,1,0,3,0,2,2,2,1,-1,0,0,2,-1,1,1,1
2077,4,8,1,0,2,0,1,1,1,1,-1,0,0,2,-1,1,1,1
2080,247,385,0,1,123,0,123,123,123,-3,5,-5,3,16,2,-2,1,1
2085,13,20,1,1,6,0,6,6,6,1,0,-1,0,2,-3,3,1,1
2089,398,610,1,0,199,0,198,198,198,-1,0,0,1,2,4,-4,1,1
2090,92,142,0,0,46,1,46,46,46,0,-1,3,-2,6,0,0,1,1
2091,92,142,1,0,46,0,45,45,45,1,-2,3,-2,8,-1,1,1,1
2091,414,633,1,0,207,0,206,206,206,1,-1,0,0,2,-1,1,1,1
2092,15,21,0,1,7,0,7,7,7,-1,1,-1,1,4,2,-2,1,1
2095,82,126,1,0,41,0,40,40,40,1,-2,2,-1,6,0,0,1,1
2101,240,374,1,0,120,0,119,119,119,-3,4,-3,2,12,3,-3,1,1
2103,241,375,1,1,120,0,120,120,120,-1,3,-3,1,8,-2,2,1,1
2107,391,600,1,1,195,0,195,195,195,0,0,1,-1,2,-1,1,1,1
2111,411,629,1,1,205,0,205,205,205,1,-3,4,-2,10,1,-1,1,1
2116,180,279,0,0,90,1,90,90,90,-2,4,-4,2,12,0,0,1,1
2116,236,367,0,0,118,1,118,118,118,-2,4,-4,2,12,0,0,1,1
2117,400,614,1,0,200,0,199,199,199,2,-3,3,-2,10,-2,2,1,1
2122,405,621,0,1,202,0,202,202,202,1,-3,3,-1,8,2,-2,1,1
2126,232,361,0,0,116,1,116,116,116,-1,3,-5,3,12,0,0,1,1
2126,403,618,0,1,201,0,201,201,201,2,-4,3,-1,10,1,-1,1,1
2127,134,205,1,0,67,0,66,66,66,1,-1,1,-1,4,-2,2,1,1
2127,390,597,1,0,195,0,194,194,194,1,-1,1,-1,4,-2,2,1,1
2130,400,614,0,0,200,1,200,200,200,2,-4,4,-2,12,0,0,1,1
2131,403,618,1,1,201,0,201,201,201,2,-3,4,-3,12,-3,3,1,1
2132,24,40,0,0,12,1,12,12,12,0,0,0,0,0,0,0,1,1
2134,25,43,0,1,12,0,12,12,12,-1,1,-1,1,4,2,-2,1,1
2140,19,32,0,1,9,0,9,9,9,-1,1,-1,1,4,2,-2,1,1
2148,16,28,0,0,8,1,8,8,8,0,0,0,0,0,0,0,1,1
2148,380,583,0,0,190,1,190,190,190,1,-2,2,-1,6,0,0,1,1
2149,222,348,1,0,111,0,110,110,110,-1,3,-4,2,10,-1,1,1,1
2153,110,170,1,0,55,0,54,54,54,-1,0,0,1,2,4,-4,1,1
2153,366,562,1,0,183,0,182,182,182,-1,0,0,1,2,4,-4,1,1
2153,370,568,1,0,185,0,184,184,184,-1,0,1,0,2,3,-3,1,1
2155,26,43,1,0,13,0,12,12,12,0,0,0,0,0,0,0,1,1
2156,24,40,0,0,12,1,12,12,12,0,0,0,0,0,0,0,1,1
2157,364,559,1,0,182,0,181,181,181,-1,0,1,0,2,3,-3,1,1
2164,16,28,0,0,8,1,8,8,8,0,0,0,0,0,0,0,1,1
2165,6,11,1,0,3,0,2,2,2,0,0,0,0,0,0,0,1,1
2165,105,163,1,1,52,0,52,52,52,0,1,-1,0,2,-2,2,1,1
2166,364,559,0,0,182,1,182,182,182,1,-2,2,-1,6,0,0,1,1
2168,361,555,0,1,180,0,180,180,180,1,-2,1,0,4,1,-1,1,1
2169,4,8,1,0,2,0,1,1,1,-1,1,0,0,2,1,-1,1,1
2171,6,11,1,0,3,0,2,2,2,1,-1,0,0,2,-1,1,1,1
2171,362,555,1,0,181,0,180,180,180,0,-1,2,-1,4,1,-1,1,1
2173,4,8,1,0,2,0,1,1,1,1,-1,0,0,2,-1,1,1,1
2173,379,581,1,1,189,0,189,189,189,2,-3,3,-2,10,-2,2,1,1
2179,358,547,1,0,179,0,178,178,178,1,-2,2,-1,6,0,0,1,1
2181,368,562,1,0,184,0,183,183,183,2,-2,1,-1,6,-3,3,1,1
2196,52,79,0,0,26,1,26,26,26,0,0,0,0,0,0,0,1,1
2197,6,11,1,0,3,0,2,2,2,0,0,0,0,0,0,0,1,1
2198,345,527,0,1,172,0,172,172,172,0,-1,1,0,2,2,-2,1,1
2201,4,8,1,0,2,0,1,1,1,-1,1,0,0,2,1,-1,1,1
2203,6,11,1,0,3,0,2,2,2,1,-1,0,0,2,-1,1,1,1
2205,4,8,1,0,2,0,1,1,1,1,-1,0,0,2,-1,1,1,1
2210,41,60,0,1,20,0,20,20,20,-1,1,0,0,2,1,-1,1,1
2216,368,560,0,0,184,1,184,184,184,2,-4,4,-2,12,0,0,1,1
2217,8,11,1,0,4,0,3,3,3,0,1,-1,0,2,-2,2,1,1
2217,14,18,1,0,7,0,6,6,6,-1,0,0,1,2,4,-4,1,1
2217,368,560,1,0,184,0,183,183,183,2,-4,4,-2,12,0,0,1,1
2218,368,560,0,0,184,1,184,184,184,2,-4,4,-2,12,0,0,1,1
2219,368,560,1,0,184,0,183,183,183,2,-4,4,-2,12,0,0,1,1
2220,368,560,0,0,184,1,184,184,184,2,-4,4,-2,12,0,0,1,1
2224,60,87,0,0,30,1,30,30,30,-1,2,-2,1,6,0,0,1,1
2225,57,83,1,1,28,0,28,28,28,0,1,-1,0,2,-2,2,1,1
2232,71,105,0,1,35,0,35,35,35,-3,5,-5,3,16,2,-2,1,1
2232,75,111,0,1,37,0,37,37,37,-3,5,-4,2,14,1,-1,1,1
2233,329,500,1,1,164,0,164,164,164,2,-3,2,-1,8,-1,1,1,1
2236,328,498,0,0,164,1,164,164,164,1,-2,2,-1,6,0,0,1,1
2237,324,492,1,0,162,0,161,161,161,1,-3,3,-1,8,2,-2,1,1
2237,325,494,1,1,162,0,162,162,162,2,-3,3,-2,10,-2,2,1,1
2238,9,11,0,1,4,0,4,4,4,-1,1,-1,1,4,2,-2,1,1
2242,48,70,0,0,24,1,24,24,24,-1,2,-2,1,6,0,0,1,1
2245,32,48,1,0,16,0,15,15,15,-1,0,1,0,2,3,-3,1,1
2248,27,40,0,1,13,0,13,13,13,0,-1,1,0,2,2,-2,1,1
2252,45,66,0,1,22,0,22,22,22,-1,2,-3,2,8,1,-1,1,1
2255,42,63,1,0,21,0,20,20,20,-1,3,-3,1,8,-2,2,1,1
2259,19,30,1,1,9,0,9,9,9,0,1,0,-1,2,-3,3,1,1
2268,27,42,0,1,13,0,13,13,13,-1,1,-1,1,4,2,-2,1,1
2269,4,8,1,0,2,0,1,1,1,0,0,0,0,0,0,0,1,1
2277,13,20,1,1,6,0,6,6,6,1,0,-1,0,2,-3,3,1,1
2277,32,48,1,0,16,0,15,15,15,0,2,-3,1,6,-3,3,1,1
2284,15,21,0,1,7,0,7,7,7,-1,1,-1,1,4,2,-2,1,1
2290,48,70,0,0,24,1,24,24,24,0,0,0,0,0,0,0,1,1
2297,24,37,1,0,12,0,11,11,11,0,1,-1,0,2,-2,2,1,1
2349,25,35,1,1,12,0,12,12,12,1,-1,1,-1,4,-2,2,1,1
2351,27,37,1,1,13,0,13,13,13,0,-1,2,-1,4,1,-1,1,1
2361,21,29,1,1,10,0,10,10,10,1,-1,0,0,2,-1,1,1,1
2362,21,29,0,1,10,0,10,10,10,0,-1,1,0,2,2,-2,1,1
2364,536,812,0,0,268,1,268,268,268,2,-4,4,-2,12,0,0,1,1
2373,103,162,1,1,51,0,51,51,51,1,-1,1,-1,4,-2,2,1,1
2381,92,144,1,0,46,0,45,45,45,1,-2,2,-1,6,0,0,1,1
2383,90,141,1,0,45,0,44,44,44,1,-1,1,-1,4,-2,2,1,1
2384,96,152,0,0,48,1,48,48,48,0,0,0,0,0,0,0,1,1
2390,97,155,0,1,48,0,48,48,48,-1,1,-1,1,4,2,-2,1,1
2392,55,87,0,1,27,0,27,27,27,0,-1,1,0,2,2,-2,1,1
2392,100,161,0,0,50,1,50,50,50,-1,2,-2,1,6,0,0,1,1
2401,81,129,1,1,40,0,40,40,40,1,0,-1,0,2,-3,3,1,1
2402,88,141,0,0,44,1,44,44,44,1,-1,-1,1,4,0,0,1,1
2403,88,141,1,0,44,0,43,43,43,0,0,-1,1,2,1,-1,1,1
2405,90,144,1,0,45,0,44,44,44,-1,2,-2,1,6,0,0,1,1
2407,88,141,1,0,44,0,43,43,43,-1,2,-2,1,6,0,0,1,1
2409,88,141,1,0,44,0,43,43,43,-2,3,-2,1,8,1,-1,1,1
2411,490,747,1,0,245,0,244,244,244,2,-3,3,-2,10,-2,2,1,1
2416,76,121,0,0,38,1,38,38,38,-1,2,-2,1,6,0,0,1,1
2417,83,133,1,1,41,0,41,41,41,-1,2,-1,0,4,-1,1,1,1
2421,82,133,1,0,41,0,40,40,40,-1,2,-2,1,6,0,0,1,1
2428,21,35,0,1,10,0,10,10,10,-1,1,-1,1,4,2,-2,1,1
2428,117,187,0,1,58,0,58,58,58,-1,1,-1,1,4,2,-2,1,1
2435,66,107,1,0,33,0,32,32,32,0,2,-3,1,6,-3,3,1,1
2436,77,125,0,1,38,0,38,38,38,0,1,-2,1,4,-1,1,1,1
2437,64,104,1,0,32,0,31,31,31,0,2,-3,1,6,-3,3,1,1
2439,64,104,1,0,32,0,31,31,31,-1,2,-3,2,8,1,-1,1,1
2441,66,107,1,0,33,0,32,32,32,-2,2,-2,2,8,4,-4,1,1
2445,64,104,1,0,32,0,31,31,31,-2,2,-1,1,6,3,-3,1,1
2445,116,186,1,0,58,0,57,57,57,0,-1,1,0,2,2,-2,1,1
2448,64,104,0,0,32,1,32,32,32,0,0,0,0,0,0,0,1,1
2449,45,72,1,1,22,0,22,22,22,0,2,-3,1,6,-3,3,1,1
2453,6,11,1,0,3,0,2,2,2,0,0,0,0,0,0,0,1,1
2456,83,136,0,1,41,0,41,41,41,0,-1,1,0,2,2,-2,1,1
2457,4,8,1,0,2,0,1,1,1,-1,1,0,0,2,1,-1,1,1
2459,6,11,1,0,3,0,2,2,2,1,-1,0,0,2,-1,1,1,1
2461,4,8,1,0,2,0,1,1,1,1,-1,0,0,2,-1,1,1,1
2465,100,160,1,0,50,0,49,49,49,-1,1,0,0,2,1,-1,1,1
2468,440,670,0,0,220,1,220,220,220,0,0,0,0,0,0,0,1,1
2469,13,20,1,1,6,0,6,6,6,1,0,-1,0,2,-3,3,1,1
2474,105,166,0,1,52,0,52,52,52,-1,1,0,0,2,1,-1,1,1
2476,15,21,0,1,7,0,7,7,7,-1,1,-1,1,4,2,-2,1,1
2476,103,162,0,1,51,0,51,51,51,-1,1,0,0,2,1,-1,1,1
2476,104,164,0,0,52,1,52,52,52,0,0,0,0,0,0,0,1,1
2480,96,152,0,0,48,1,48,48,48,0,0,0,0,0,0,0,1,1
2481,452,687,1,0,226,0,225,225,225,0,1,-1,0,2,-2,2,1,1
2482,92,147,0,0,46,1,46,46,46,0,0,0,0,0,0,0,1,1
2482,432,658,0,0,216,1,216,216,216,0,0,0,0,0,0,0,1,1
2483,435,662,1,1,217,0,217,217,217,0,1,0,-1,2,-3,3,1,1
2483,450,684,1,0,225,0,224,224,224,0,2,-2,0,4,-4,4,1,1
2492,443,674,0,1,221,0,221,221,221,-1,1,-1,1,4,2,-2,1,1
2493,89,143,1,1,44,0,44,44,44,1,-1,1,-1,4,-2,2,1,1
2495,90,144,1,0,45,0,44,44,44,2,-3,2,-1,8,-1,1,1,1
2496,421,643,0,1,210,0,210,210,210,0,-1,1,0,2,2,-2,1,1
2499,86,138,1,0,43,0,42,42,42,1,-2,2,-1,6,0,0,1,1
2501,64,104,1,0,32,0,31,31,31,0,-2,3,-1,6,3,-3,1,1
2503,64,104,1,0,32,0,31,31,31,1,-2,3,-2,8,-1,1,1,1
2505,62,101,1,0,31,0,30,30,30,0,-2,3,-1,6,3,-3,1,1
2509,64,104,1,0,32,0,31,31,31,2,-2,1,-1,6,-3,3,1,1
2511,62,101,1,0,31,0,30,30,30,1,-1,1,-1,4,-2,2,1,1
2512,64,104,0,0,32,1,32,32,32,0,0,0,0,0,0,0,1,1
2512,423,643,0,1,211,0,211,211,211,-1,1,-1,1,4,2,-2,1,1
2516,24,40,0,0,12,1,12,12,12,0,0,0,0,0,0,0,1,1
2516,420,641,0,0,210,1,210,210,210,-1,2,-2,1,6,0,0,1,1
2518,25,43,0,1,12,0,12,12,12,-1,1,-1,1,4,2,-2,1,1
2524,19,32,0,1,9,0,9,9,9,-1,1,-1,1,4,2,-2,1,1
2532,16,28,0,0,8,1,8,8,8,0,0,0,0,0,0,0,1,1
2539,26,43,1,0,13,0,12,12,12,0,0,0,0,0,0,0,1,1
2539,51,83,1,1,25,0,25,25,25,0,-1,2,-1,4,1,-1,1,1
2540,24,40,0,0,12,1,12,12,12,0,0,0,0,0,0,0,1,1
2548,16,28,0,0,8,1,8,8,8,0,0,0,0,0,0,0,1,1
2549,6,11,1,0,3,0,2,2,2,0,0,0,0,0,0,0,1,1
2553,4,8,1,0,2,0,1,1,1,-1,1,0,0,2,1,-1,1,1
2555,6,11,1,0,3,0,2,2,2,1,-1,0,0,2,-1,1,1,1
2557,4,8,1,0,2,0,1,1,1,1,-1,0,0,2,-1,1,1,1
2569,316,476,1,0,158,0,157,157,157,1,-1,1,-1,4,-2,2,1,1
2572,315,474,0,1,157,0,157,157,157,0,-1,1,0,2,2,-2,1,1
2576,309,465,0,1,154,0,154,154,154,2,-3,2,-1,8,-1,1,1,1
2577,45,72,1,1,22,0,22,22,22,0,2,-3,1,6,-3,3,1,1
2577,59,95,1,1,29,0,29,29,29,0,2,-3,1,6,-3,3,1,1
2581,6,11,1,0,3,0,2,2,2,0,0,0,0,0,0,0,1,1
2585,4,8,1,0,2,0,1,1,1,-1,1,0,0,2,1,-1,1,1
2587,6,11,1,0,3,0,2,2,2,1,-1,0,0,2,-1,1,1,1
2589,4,8,1,0,2,0,1,1,1,1,-1,0,0,2,-1,1,1,1
2589,379,573,1,1,189,0,189,189,189,-2,5,-5,2,14,-2,2,1,1
2592,1847,2749,0,1,923,0,923,923,923,5,-11,11,-5,32,2,-2,1,1
2593,1849,2752,1,1,924,0,924,924,924,6,-11,10,-5,32,-1,1,1,1
2596,1848,2750,0,0,924,1,924,924,924,5,-10,10,-5,30,0,0,1,1
2597,13,20,1,1,6,0,6,6,6,1,0,-1,0,2,-3,3,1,1
2601,279,417,1,1,139,0,139,139,139,0,0,1,-1,2,-1,1,1,1
2603,254,381,1,0,127,0,126,126,126,1,-1,0,0,2,-1,1,1,1
2604,15,21,0,1,7,0,7,7,7,-1,1,-1,1,4,2,-2,1,1
2609,237,358,1,1,118,0,118,118,118,1,-1,1,-1,4,-2,2,1,1
2613,541,814,1,1,270,0,270,270,270,-4,9,-9,4,26,-2,2,1,1
2620,543,815,0,1,271,0,271,271,271,-5,9,-9,5,28,2,-2,1,1
2624,215,325,0,1,107,0,107,107,107,1,-3,3,-1,8,2,-2,1,1
2628,241,362,0,1,120,0,120,120,120,2,-3,2,-1,8,-1,1,1,1
2629,208,314,1,0,104,0,103,103,103,2,-3,3,-2,10,-2,2,1,1
2629,535,804,1,1,267,0,267,267,267,-4,9,-9,4,26,-2,2,1,1
2634,1788,2661,0,0,894,1,894,894,894,6,-12,12,-6,36,0,0,1,1
2637,208,314,1,0,104,0,103,103,103,1,-1,0,0,2,-1,1,1,1
2637,217,327,1,1,108,0,108,108,108,2,-2,1,-1,6,-3,3,1,1
2637,236,355,1,0,118,0,117,117,117,1,-2,2,-1,6,0,0,1,1
2637,1787,2659,1,1,893,0,893,893,893,6,-11,11,-6,34,-2,2,1,1
2638,1784,2655,0,0,892,1,892,892,892,7,-13,11,-5,36,0,0,1,1
2638,1832,2725,0,0,916,1,916,916,916,5,-9,7,-3,24,0,0,1,1
2639,236,355,1,0,118,0,117,117,117,1,-2,2,-1,6,0,0,1,1
2639,1784,2655,1,0,892,0,891,891,891,6,-12,11,-5,34,1,-1,1,1
2639,1785,2656,1,1,892,0,892,892,892,5,-11,11,-5,32,2,-2,1,1
2639,1832,2725,1,0,916,0,915,915,915,4,-8,7,-3,22,1,-1,1,1
2640,208,314,0,0,104,1,104,104,104,0,0,0,0,0,0,0,1,1
2640,512,768,0,0,256,1,256,256,256,-4,8,-8,4,24,0,0,1,1
2640,1792,2664,0,0,896,1,896,896,896,6,-12,12,-6,36,0,0,1,1
2641,512,768,1,0,256,0,255,255,255,-4,8,-8,4,24,0,0,1,1
2641,1792,2664,1,0,896,0,895,895,895,6,-12,12,-6,36,0,0,1,1
2642,512,768,0,0,256,1,256,256,256,-4,8,-8,4,24,0,0,1,1
2642,1784,2655,0,0,892,1,892,892,892,5,-11,13,-7,36,0,0,1,1
2642,1792,2664,0,0,896,1,896,896,896,6,-12,12,-6,36,0,0,1,1
2643,512,768,1,0,256,0,255,255,255,-4,8,-8,4,24,0,0,1,1
2643,1792,2664,1,0,896,0,895,895,895,6,-12,12,-6,36,0,0,1,1
2644,24,40,0,0,12,1,12,12,12,0,0,0,0,0,0,0,1,1
2644,512,768,0,0,256,1,256,256,256,-4,8,-8,4,24,0,0,1,1
2644,528,794,0,0,264,1,264,264,264,-5,10,-10,5,30,0,0,1,1
2644,1792,2664,0,0,896,1,896,896,896,6,-12,12,-6,36,0,0,1,1
2644,1804,2683,0,0,902,1,902,902,902,5,-10,10,-5,30,0,0,1,1
2645,512,768,1,0,256,0,255,255,255,-4,8,-8,4,24,0,0,1,1
2645,515,773,1,1,257,0,257,257,257,-4,9,-9,4,26,-2,2,1,1
2645,528,794,1,0,264,0,263,263,263,-5,10,-10,5,30,0,0,1,1
2645,1792,2664,1,0,896,0,895,895,895,6,-12,12,-6,36,0,0,1,1
2646,25,43,0,1,12,0,12,12,12,-1,1,-1,1,4,2,-2,1,1
2646,512,768,0,0,256,1,256,256,256,-4,8,-8,4,24,0,0,1,1
2646,528,794,0,0,264,1,264,264,264,-5,10,-10,5,30,0,0,1,1
2646,1792,2664,0,0,896,1,896,896,896,6,-12,12,-6,36,0,0,1,1
2647,512,768,1,0,256,0,255,255,255,-4,8,-8,4,24,0,0,1,1
2647,1792,2664,1,0,896,0,895,895,895,6,-12,12,-6,36,0,0,1,1
2648,512,768,0,0,256,1,256,256,256,-4,8,-8,4,24,0,0,1,1
2648,1792,2664,0,0,896,1,896,896,896,6,-12,12,-6,36,0,0,1,1
2650,524,788,0,0,262,1,262,262,262,-4,9,-11,6,30,0,0,1,1
2650,1784,2655,0,0,892,1,892,892,892,7,-13,11,-5,36,0,0,1,1
2651,1794,2668,1,0,897,0,896,896,896,6,-11,11,-6,34,-2,2,1,1
2652,19,32,0,1,9,0,9,9,9,-1,1,-1,1,4,2,-2,1,1
2652,528,794,0,0,264,1,264,264,264,-5,10,-10,5,30,0,0,1,1
2653,272,408,1,0,136,0,135,135,135,0,0,0,0,0,0,0,1,1
2656,1776,2646,0,0,888,1,888,888,888,6,-12,12,-6,36,0,0,1,1
2657,521,784,1,1,260,0,260,260,260,-4,9,-10,5,28,-1,1,1,1
2659,1767,2630,1,1,883,0,883,883,883,6,-12,13,-7,38,-1,1,1,1
2659,1772,2638,1,0,886,0,885,885,885,6,-12,12,-6,36,0,0,1,1
2660,16,28,0,0,8,1,8,8,8,0,0,0,0,0,0,0,1,1
2660,520,782,0,0,260,1,260,260,260,-5,10,-10,5,30,0,0,1,1
2661,208,314,1,0,104,0,103,103,103,2,-3,2,-1,8,-1,1,1,1
2661,519,780,1,1,259,0,259,259,259,-4,10,-11,5,30,-3,3,1,1
2662,207,314,0,1,103,0,103,103,103,2,-3,2,-1,8,-1,1,1,1
2662,524,788,0,0,262,1,262,262,262,-4,9,-11,6,30,0,0,1,1
2664,263,393,0,1,131,0,131,131,131,-1,1,-1,1,4,2,-2,1,1
2664,516,775,0,0,258,1,258,258,258,-5,10,-10,5,30,0,0,1,1
2666,505,756,0,1,252,0,252,252,252,-6,11,-10,5,32,1,-1,1,1
2667,26,43,1,0,13,0,12,12,12,0,0,0,0,0,0,0,1,1
2667,188,282,1,0,94,0,93,93,93,0,0,0,0,0,0,0,1,1
2668,24,40,0,0,12,1,12,12,12,0,0,0,0,0,0,0,1,1
2671,347,521,1,1,173,0,173,173,173,-4,7,-6,3,20,1,-1,1,1
2675,187,282,1,1,93,0,93,93,93,0,0,1,-1,2,-1,1,1,1
2676,16,28,0,0,8,1,8,8,8,0,0,0,0,0,0,0,1,1
2677,6,11,1,0,3,0,2,2,2,0,0,0,0,0,0,0,1,1
2681,4,8,1,0,2,0,1,1,1,-1,1,0,0,2,1,-1,1,1
2683,6,11,1,0,3,0,2,2,2,1,-1,0,0,2,-1,1,1,1
2684,149,225,0,1,74,0,74,74,74,0,1,-2,1,4,-1,1,1,1
2685,4,8,1,0,2,0,1,1,1,1,-1,0,0,2,-1,1,1,1
2690,177,264,0,1,88,0,88,88,88,0,-1,1,0,2,2,-2,1,1
2696,163,242,0,1,81,0,81,81,81,-1,1,-1,1,4,2,-2,1,1
2696,164,243,0,0,82,1,82,82,82,-1,2,-2,1,6,0,0,1,1
2697,872,1291,1,0,436,0,435,435,435,-4,9,-9,4,26,-2,2,1,1
2699,1806,2683,1,0,903,0,902,902,902,3,-5,4,-2,14,-1,1,1,1
2705,1677,2492,1,1,838,0,838,838,838,4,-6,5,-3,18,-3,3,1,1
2709,6,11,1,0,3,0,2,2,2,0,0,0,0,0,0,0,1,1
2711,1770,2627,1,0,885,0,884,884,884,3,-5,5,-3,16,-2,2,1,1
2713,4,8,1,0,2,0,1,1,1,-1,1,0,0,2,1,-1,1,1
2715,6,11,1,0,3,0,2,2,2,1,-1,0,0,2,-1,1,1,1
2717,4,8,1,0,2,0,1,1,1,1,-1,0,0,2,-1,1,1,1
2721,538,803,1,0,269,0,268,268,268,-6,10,-10,6,32,4,-4,1,1
2724,32,46,0,0,16,1,16,16,16,0,0,0,0,0,0,0,1,1
2724,56,78,0,0,28,1,28,28,28,0,0,0,0,0,0,0,1,1
2728,263,389,0,1,131,0,131,131,131,-3,5,-5,3,16,2,-2,1,1
2729,8,11,1,0,4,0,3,3,3,0,1,-1,0,2,-2,2,1,1
2729,14,18,1,0,7,0,6,6,6,-1,0,0,1,2,4,-4,1,1
2733,1801,2673,1,1,900,0,900,900,900,3,-5,5,-3,16,-2,2,1,1
2737,68,95,1,0,34,0,33,33,33,0,1,-1,0,2,-2,2,1,1
2737,1812,2689,1,0,906,0,905,905,905,2,-3,3,-2,10,-2,2,1,1
2738,48,66,0,0,24,1,24,24,24,0,0,0,0,0,0,0,1,1
2739,51,70,1,1,25,0,25,25,25,0,1,0,-1,2,-3,3,1,1
2739,66,92,1,0,33,0,32,32,32,0,2,-2,0,4,-4,4,1,1
2741,240,354,1,0,120,0,119,119,119,-3,4,-3,2,12,3,-3,1,1
2748,59,82,0,1,29,0,29,29,29,-1,1,-1,1,4,2,-2,1,1
2749,240,354,1,0,120,0,119,119,119,-1,3,-3,1,8,-2,2,1,1
2749,846,1249,1,0,423,0,422,422,422,-3,6,-6,3,18,0,0,1,1
2750,9,11,0,1,4,0,4,4,4,-1,1,-1,1,4,2,-2,1,1
2751,234,344,1,0,117,0,116,116,116,0,1,-2,1,4,-1,1,1,1
2751,1803,2675,1,1,901,0,901,901,901,1,-3,4,-2,10,1,-1,1,1
2752,240,354,0,0,120,1,120,120,120,-2,4,-4,2,12,0,0,1,1
2753,36,51,1,0,18,0,17,17,17,0,-1,2,-1,4,1,-1,1,1
2755,36,51,1,0,18,0,17,17,17,1,-1,1,-1,4,-2,2,1,1
2756,228,337,0,0,114,1,114,114,114,-1,2,-2,1,6,0,0,1,1
2759,31,44,1,1,15,0,15,15,15,0,-1,2,-1,4,1,-1,1,1
2771,305,454,1,1,152,0,152,152,152,-6,12,-12,6,36,0,0,1,1
2773,304,454,1,0,152,0,151,151,151,-6,12,-12,6,36,0,0,1,1
2776,295,441,0,1,147,0,147,147,147,-6,11,-11,6,34,2,-2,1,1
2780,828,1225,0,0,414,1,414,414,414,-3,6,-6,3,18,0,0,1,1
2781,4,8,1,0,2,0,1,1,1,0,0,0,0,0,0,0,1,1
2782,300,447,0,0,150,1,150,150,150,-5,10,-10,5,30,0,0,1,1
2783,300,447,1,0,150,0,149,149,149,-5,10,-10,5,30,0,0,1,1
2784,284,423,0,0,142,1,142,142,142,-5,10,-10,5,30,0,0,1,1
2784,300,447,0,0,150,1,150,150,150,-5,10,-10,5,30,0,0,1,1
2785,298,443,1,0,149,0,148,148,148,-6,10,-10,6,32,4,-4,1,1
2788,221,327,0,1,110,0,110,110,110,-2,5,-6,3,16,-1,1,1,1
2788,1784,2650,0,0,892,1,892,892,892,2,-4,4,-2,12,0,0,1,1
2793,8,11,1,0,4,0,3,3,3,0,1,-1,0,2,-2,2,1,1
2793,14,18,1,0,7,0,6,6,6,-1,0,0,1,2,4,-4,1,1
2793,30,40,1,0,15,0,14,14,14,-2,2,-2,2,8,4,-4,1,1
2793,206,302,1,0,103,0,102,102,102,-2,3,-3,2,10,2,-2,1,1
2794,213,314,0,1,106,0,106,106,106,-3,5,-5,3,16,2,-2,1,1
2797,28,37,1,0,14,0,13,13,13,-2,2,-1,1,6,3,-3,1,1
2799,1755,2605,1,1,877,0,877,877,877,2,-4,5,-3,14,-1,1,1,1
2802,25,34,0,1,12,0,12,12,12,-1,1,0,0,2,1,-1,1,1
2802,1776,2638,0,0,888,1,888,888,888,2,-4,4,-2,12,0,0,1,1
2804,456,682,0,0,228,1,228,228,228,-4,8,-8,4,24,0,0,1,1
2805,496,742,1,0,248,0,247,247,247,-4,6,-5,3,18,3,-3,1,1
2805,1770,2630,1,0,885,0,884,884,884,2,-4,4,-2,12,0,0,1,1
2806,497,744,0,1,248,0,248,248,248,-3,5,-4,2,14,1,-1,1,1
2808,36,49,0,0,18,1,18,18,18,-1,2,-2,1,6,0,0,1,1
2808,496,742,0,0,248,1,248,248,248,-2,4,-4,2,12,0,0,1,1
2808,1767,2625,0,1,883,0,883,883,883,2,-5,5,-2,14,2,-2,1,1
2810,1772,2632,0,0,886,1,886,886,886,1,-3,5,-3,12,0,0,1,1
2812,1768,2626,0,0,884,1,884,884,884,2,-4,4,-2,12,0,0,1,1
2813,1764,2620,1,0,882,0,881,881,881,2,-5,5,-2,14,2,-2,1,1
2814,9,11,0,1,4,0,4,4,4,-1,1,-1,1,4,2,-2,1,1
2816,1756,2607,0,0,878,1,878,878,878,3,-6,6,-3,18,0,0,1,1
2818,1744,2590,0,0,872,1,872,872,872,3,-6,6,-3,18,0,0,1,1
2820,449,672,0,1,224,0,224,224,224,-3,7,-8,4,22,-1,1,1,1
2821,159,238,1,1,79,0,79,79,79,0,0,1,-1,2,-1,1,1,1
2821,192,284,1,0,96,0,95,95,95,-1,3,-3,1,8,-2,2,1,1
2821,1753,2605,1,1,876,0,876,876,876,3,-5,5,-3,16,-2,2,1,1
2823,30,40,1,0,15,0,14,14,14,0,1,-1,0,2,-2,2,1,1
2823,158,236,1,0,79,0,78,78,78,0,-1,2,-1,4,1,-1,1,1
2824,192,284,0,0,96,1,96,96,96,-2,4,-4,2,12,0,0,1,1
2825,156,233,1,0,78,0,77,77,77,0,-1,1,0,2,2,-2,1,1
2825,191,282,1,1,95,0,95,95,95,-1,4,-5,2,12,-3,3,1,1
2827,156,233,1,0,78,0,77,77,77,0,-1,2,-1,4,1,-1,1,1
2828,1741,2586,0,1,870,0,870,870,870,3,-6,5,-2,16,1,-1,1,1
2831,1734,2575,1,0,867,0,866,866,866,4,-6,6,-4,20,-4,4,1,1
2833,276,413,1,0,138,0,137,137,137,-4,7,-6,3,20,1,-1,1,1
2835,142,214,1,0,71,0,70,70,70,1,-1,1,-1,4,-2,2,1,1
2835,276,413,1,0,138,0,137,137,137,-3,7,-7,3,20,-2,2,1,1
2835,1646,2446,1,0,823,0,822,822,822,5,-9,9,-5,28,-2,2,1,1
2836,128,192,0,0,64,1,64,64,64,0,0,0,0,0,0,0,1,1
2837,128,192,1,0,64,0,63,63,63,0,0,0,0,0,0,0,1,1
2838,128,192,0,0,64,1,64,64,64,0,0,0,0,0,0,0,1,1
2839,271,406,1,1,135,0,135,135,135,-4,7,-6,3,20,1,-1,1,1
2845,127,190,1,1,63,0,63,63,63,1,-1,1,-1,4,-2,2,1,1
2847,126,188,1,0,63,0,62,62,62,1,-2,2,-1,6,0,0,1,1
2848,108,161,0,0,54,1,54,54,54,1,-2,2,-1,6,0,0,1,1
2849,124,185,1,0,62,0,61,61,61,1,-2,2,-1,6,0,0,1,1
2850,435,655,0,1,217,0,217,217,217,-2,5,-6,3,16,-1,1,1,1
2851,124,185,1,0,62,0,61,61,61,1,-2,2,-1,6,0,0,1,1
2853,258,387,1,0,129,0,128,128,128,-3,6,-5,2,16,-1,1,1,1
2853,432,650,1,0,216,0,215,215,215,-2,5,-5,2,14,-2,2,1,1
2854,1604,2385,0,0,802,1,802,802,802,6,-12,12,-6,36,0,0,1,1
2858,12,15,0,0,6,1,6,6,6,0,0,0,0,0,0,0,1,1
2860,1603,2382,0,1,801,0,801,801,801,5,-11,11,-5,32,2,-2,1,1
2861,11,13,1,1,5,0,5,5,5,0,1,-1,0,2,-2,2,1,1
2861,1598,2375,1,0,799,0,798,798,798,6,-11,10,-5,32,-1,1,1,1
2862,135,204,0,1,67,0,67,67,67,1,-1,0,0,2,-1,1,1,1
2862,136,205,0,0,68,1,68,68,68,1,-1,-1,1,4,0,0,1,1
2862,1595,2370,0,1,797,0,797,797,797,6,-12,11,-5,34,1,-1,1,1
2863,9,10,1,1,4,0,4,4,4,-1,1,-1,1,4,2,-2,1,1
2864,180,267,0,0,90,1,90,90,90,-3,6,-6,3,18,0,0,1,1
2865,15,18,1,1,7,0,7,7,7,0,0,1,-1,2,-1,1,1,1
2865,1593,2367,1,1,796,0,796,796,796,6,-11,11,-6,34,-2,2,1,1
2866,8,9,0,0,4,1,4,4,4,-1,1,1,-1,4,0,0,1,1
2866,132,199,0,0,66,1,66,66,66,0,0,0,0,0,0,0,1,1
2869,173,260,1,1,86,0,86,86,86,-2,5,-5,2,14,-2,2,1,1
2870,12,15,0,0,6,1,6,6,6,0,0,0,0,0,0,0,1,1
2872,11,13,0,1,5,0,5,5,5,0,-1,1,0,2,2,-2,1,1
2873,421,634,1,1,210,0,210,210,210,-2,6,-7,3,18,-3,3,1,1
2874,8,9,0,0,4,1,4,4,4,1,-1,-1,1,4,0,0,1,1
2876,168,252,0,0,84,1,84,84,84,-3,6,-6,3,18,0,0,1,1
2880,1600,2380,0,0,800,1,800,800,800,4,-8,8,-4,24,0,0,1,1
2881,1592,2369,1,0,796,0,795,795,795,4,-9,9,-4,26,2,-2,1,1
2892,76,117,0,0,38,1,38,38,38,0,0,0,0,0,0,0,1,1
2898,16,26,0,0,8,1,8,8,8,0,0,0,0,0,0,0,1,1
2909,4,8,1,0,2,0,1,1,1,0,0,0,0,0,0,0,1,1
2912,117,181,0,1,58,0,58,58,58,0,1,-2,1,4,-1,1,1,1
2913,118,182,1,0,59,0,58,58,58,-2,2,-2,2,8,4,-4,1,1
2914,17,28,0,1,8,0,8,8,8,0,-1,1,0,2,2,-2,1,1
2915,118,181,1,0,59,0,58,58,58,-1,2,-2,1,6,0,0,1,1
2916,109,169,0,1,54,0,54,54,54,0,1,-2,1,4,-1,1,1,1
2925,111,170,1,1,55,0,55,55,55,-1,3,-3,1,8,-2,2,1,1
2926,233,351,0,1,116,0,116,116,116,-3,5,-5,3,16,2,-2,1,1
2928,108,165,0,0,54,1,54,54,54,-1,2,-2,1,6,0,0,1,1
2929,111,170,1,1,55,0,55,55,55,-2,4,-3,1,10,-1,1,1,1
2931,104,161,1,0,52,0,51,51,51,-1,2,-2,1,6,0,0,1,1
2932,16,28,0,0,8,1,8,8,8,-1,2,-2,1,6,0,0,1,1
2933,105,163,1,1,52,0,52,52,52,-1,3,-3,1,8,-2,2,1,1
2937,103,159,1,1,51,0,51,51,51,-2,4,-3,1,10,-1,1,1,1
2938,101,156,0,1,50,0,50,50,50,-2,3,-3,2,10,2,-2,1,1
2941,4,8,1,0,2,0,1,1,1,0,0,0,0,0,0,0,1,1
2941,249,375,1,1,124,0,124,124,124,-1,3,-3,1,8,-2,2,1,1
2945,244,366,1,0,122,0,121,121,121,-1,3,-3,1,8,-2,2,1,1
2948,243,364,0,1,121,0,121,121,121,-2,3,-3,2,10,2,-2,1,1
2958,389,587,0,1,194,0,194,194,194,-1,1,-1,1,4,2,-2,1,1
2960,384,580,0,0,192,1,192,192,192,0,0,0,0,0,0,0,1,1
2961,381,576,1,1,190,0,190,190,190,0,2,-3,1,6,-3,3,1,1
2964,52,79,0,0,26,1,26,26,26,0,0,0,0,0,0,0,1,1
2964,128,192,0,0,64,1,64,64,64,-2,4,-4,2,12,0,0,1,1
2965,6,11,1,0,3,0,2,2,2,0,0,0,0,0,0,0,1,1
2965,128,192,1,0,64,0,63,63,63,-2,4,-4,2,12,0,0,1,1
2965,132,199,1,0,66,0,65,65,65,-3,5,-4,2,14,1,-1,1,1
2966,128,192,0,0,64,1,64,64,64,-2,4,-4,2,12,0,0,1,1
2967,132,199,1,0,66,0,65,65,65,-2,5,-5,2,14,-2,2,1,1
2969,4,8,1,0,2,0,1,1,1,-1,1,0,0,2,1,-1,1,1
2969,130,196,1,0,65,0,64,64,64,-3,5,-4,2,14,1,-1,1,1
2970,129,194,0,1,64,0,64,64,64,-3,5,-4,2,14,1,-1,1,1
2971,6,11,1,0,3,0,2,2,2,1,-1,0,0,2,-1,1,1,1
2973,4,8,1,0,2,0,1,1,1,1,-1,0,0,2,-1,1,1,1
2978,41,60,0,1,20,0,20,20,20,-1,1,0,0,2,1,-1,1,1
2978,696,1035,0,0,348,1,348,348,348,-2,3,-1,0,6,0,0,1,1
2984,692,1029,0,0,346,1,346,346,346,-1,2,-2,1,6,0,0,1,1
2985,8,11,1,0,4,0,3,3,3,0,1,-1,0,2,-2,2,1,1
2985,14,18,1,0,7,0,6,6,6,-1,0,0,1,2,4,-4,1,1
2987,1726,2561,1,0,863,0,862,862,862,3,-6,6,-3,18,0,0,1,1
2988,695,1031,0,1,347,0,347,347,347,-1,1,-1,1,4,2,-2,1,1
2992,60,87,0,0,30,1,30,30,30,-1,2,-2,1,6,0,0,1,1
2992,1708,2537,0,0,854,1,854,854,854,3,-6,6,-3,18,0,0,1,1
2993,57,83,1,1,28,0,28,28,28,0,1,-1,0,2,-2,2,1,1
3000,71,105,0,1,35,0,35,35,35,-3,5,-5,3,16,2,-2,1,1
3000,75,111,0,1,37,0,37,37,37,-3,5,-4,2,14,1,-1,1,1
3004,1723,2558,0,1,861,0,861,861,861,3,-7,7,-3,20,2,-2,1,1
3005,114,170,1,0,57,0,56,56,56,-2,4,-4,2,12,0,0,1,1
3006,9,11,0,1,4,0,4,4,4,-1,1,-1,1,4,2,-2,1,1
3006,124,185,0,0,62,1,62,62,62,-1,2,-2,1,6,0,0,1,1
3008,677,1007,0,1,338,0,338,338,338,0,-1,1,0,2,2,-2,1,1
3008,1701,2527,0,1,850,0,850,850,850,4,-7,6,-3,20,-1,1,1,1
3008,1728,2564,0,0,864,1,864,864,864,4,-8,8,-4,24,0,0,1,1
3010,48,70,0,0,24,1,24,24,24,-1,2,-2,1,6,0,0,1,1
3013,32,48,1,0,16,0,15,15,15,-1,0,1,0,2,3,-3,1,1
3013,192,284,1,0,96,0,95,95,95,-2,2,-1,1,6,3,-3,1,1
3013,195,289,1,1,97,0,97,97,97,0,1,-1,0,2,-2,2,1,1
3016,27,40,0,1,13,0,13,13,13,0,-1,1,0,2,2,-2,1,1
3016,192,284,0,0,96,1,96,96,96,0,0,0,0,0,0,0,1,1
3020,45,66,0,1,22,0,22,22,22,-1,2,-3,2,8,1,-1,1,1
3023,42,63,1,0,21,0,20,20,20,-1,3,-3,1,8,-2,2,1,1
3027,19,30,1,1,9,0,9,9,9,0,1,0,-1,2,-3,3,1,1
3036,27,42,0,1,13,0,13,13,13,-1,1,-1,1,4,2,-2,1,1
3037,4,8,1,0,2,0,1,1,1,0,0,0,0,0,0,0,1,1
3044,96,146,0,0,48,1,48,48,48,0,0,0,0,0,0,0,1,1
3045,13,20,1,1,6,0,6,6,6,1,0,-1,0,2,-3,3,1,1
3045,32,48,1,0,16,0,15,15,15,0,2,-3,1,6,-3,3,1,1
3045,1648,2450,1,0,824,0,823,823,823,6,-11,10,-5,32,-1,1,1,1
3046,1647,2450,0,1,823,0,823,823,823,6,-11,10,-5,32,-1,1,1,1
3049,1685,2503,1,1,842,0,842,842,842,4,-8,8,-4,24,0,0,1,1
3050,173,255,0,1,86,0,86,86,86,-1,1,-1,1,4,2,-2,1,1
3052,15,21,0,1,7,0,7,7,7,-1,1,-1,1,4,2,-2,1,1
3055,1682,2498,1,0,841,0,840,840,840,5,-10,10,-5,30,0,0,1,1
3058,48,70,0,0,24,1,24,24,24,0,0,0,0,0,0,0,1,1
3060,1508,2241,0,0,754,1,754,754,754,5,-10,10,-5,30,0,0,1,1
3060,1636,2433,0,0,818,1,818,818,818,5,-10,10,-5,30,0,0,1,1
3065,24,37,1,0,12,0,11,11,11,0,1,-1,0,2,-2,2,1,1
3068,1499,2226,0,1,749,0,749,749,749,5,-11,11,-5,32,2,-2,1,1
3068,1644,2443,0,0,822,1,822,822,822,5,-10,10,-5,30,0,0,1,1
3085,1625,2415,1,1,812,0,812,812,812,6,-10,9,-5,30,-3,3,1,1
3105,1383,2057,1,1,691,0,691,691,691,4,-8,9,-5,26,-1,1,1,1
3106,1620,2409,0,0,810,1,810,810,810,5,-10,10,-5,30,0,0,1,1
3107,1620,2409,1,0,810,0,809,809,809,5,-10,10,-5,30,0,0,1,1
3108,1620,2409,0,0,810,1,810,810,810,5,-10,10,-5,30,0,0,1,1
3109,1616,2402,1,0,808,0,807,807,807,6,-11,10,-5,32,-1,1,1,1
3109,1620,2409,1,0,810,0,809,809,809,5,-10,10,-5,30,0,0,1,1
3110,1615,2402,0,1,807,0,807,807,807,6,-11,10,-5,32,-1,1,1,1
3110,1620,2409,0,0,810,1,810,810,810,5,-10,10,-5,30,0,0,1,1
3111,1620,2409,1,0,810,0,809,809,809,5,-10,10,-5,30,0,0,1,1
3112,1620,2409,0,0,810,1,810,810,810,5,-10,10,-5,30,0,0,1,1
3117,25,35,1,1,12,0,12,12,12,1,-1,1,-1,4,-2,2,1,1
3119,27,37,1,1,13,0,13,13,13,0,-1,2,-1,4,1,-1,1,1
3128,1612,2397,0,0,806,1,806,806,806,5,-10,10,-5,30,0,0,1,1
3129,21,29,1,1,10,0,10,10,10,1,-1,0,0,2,-1,1,1,1
3130,21,29,0,1,10,0,10,10,10,0,-1,1,0,2,2,-2,1,1
3160,55,87,0,1,27,0,27,27,27,0,-1,1,0,2,2,-2,1,1
3196,21,35,0,1,10,0,10,10,10,-1,1,-1,1,4,2,-2,1,1
3221,6,11,1,0,3,0,2,2,2,0,0,0,0,0,0,0,1,1
3225,4,8,1,0,2,0,1,1,1,-1,1,0,0,2,1,-1,1,1
3227,6,11,1,0,3,0,2,2,2,1,-1,0,0,2,-1,1,1,1
3229,4,8,1,0,2,0,1,1,1,1,-1,0,0,2,-1,1,1,1
3237,13,20,1,1,6,0,6,6,6,1,0,-1,0,2,-3,3,1,1
3237,32,48,1,0,16,0,15,15,15,0,2,-3,1,6,-3,3,1,1
3237,112,162,1,0,56,0,55,55,55,2,-3,2,-1,8,-1,1,1,1
3238,111,162,0,1,55,0,55,55,55,2,-3,2,-1,8,-1,1,1,1
3241,470,699,1,0,235,0,234,234,234,-1,0,1,0,2,3,-3,1,1
3244,15,21,0,1,7,0,7,7,7,-1,1,-1,1,4,2,-2,1,1
3252,100,145,0,0,50,1,50,50,50,1,-2,2,-1,6,0,0,1,1
3257,24,37,1,0,12,0,11,11,11,0,1,-1,0,2,-2,2,1,1
3260,108,155,0,0,54,1,54,54,54,1,-2,2,-1,6,0,0,1,1
3269,1424,2110,1,0,712,0,711,711,711,6,-11,11,-6,34,-2,2,1,1
3277,89,127,1,1,44,0,44,44,44,2,-2,1,-1,6,-3,3,1,1
3277,1424,2110,1,0,712,0,711,711,711,5,-9,8,-4,26,-1,1,1,1
3280,1424,2110,0,0,712,1,712,712,712,4,-8,8,-4,24,0,0,1,1
3292,1448,2148,0,0,724,1,724,724,724,5,-10,10,-5,30,0,0,1,1
3298,84,121,0,0,42,1,42,42,42,1,-2,2,-1,6,0,0,1,1
3299,84,121,1,0,42,0,41,41,41,1,-2,2,-1,6,0,0,1,1
3300,84,121,0,0,42,1,42,42,42,1,-2,2,-1,6,0,0,1,1
3301,80,114,1,0,40,0,39,39,39,2,-3,2,-1,8,-1,1,1,1
3301,84,121,1,0,42,0,41,41,41,1,-2,2,-1,6,0,0,1,1
3302,79,114,0,1,39,0,39,39,39,2,-3,2,-1,8,-1,1,1,1
3302,84,121,0,0,42,1,42,42,42,1,-2,2,-1,6,0,0,1,1
3303,84,121,1,0,42,0,41,41,41,1,-2,2,-1,6,0,0,1,1
3304,43,61,0,1,21,0,21,21,21,0,-1,1,0,2,2,-2,1,1
3304,84,121,0,0,42,1,42,42,42,1,-2,2,-1,6,0,0,1,1
3309,25,35,1,1,12,0,12,12,12,1,-1,1,-1,4,-2,2,1,1
3311,27,37,1,1,13,0,13,13,13,0,-1,2,-1,4,1,-1,1,1
3315,1403,2078,1,1,701,0,701,701,701,4,-8,9,-5,26,-1,1,1,1
3321,21,29,1,1,10,0,10,10,10,1,-1,0,0,2,-1,1,1,1
3322,21,29,0,1,10,0,10,10,10,0,-1,1,0,2,2,-2,1,1
3329,1395,2065,1,1,697,0,697,697,697,5,-9,9,-5,28,-2,2,1,1
3332,1393,2062,0,1,696,0,696,696,696,5,-9,8,-4,26,-1,1,1,1
3335,30,40,1,0,15,0,14,14,14,0,1,-1,0,2,-2,2,1,1
3340,1400,2074,0,0,700,1,700,700,700,5,-10,10,-5,30,0,0,1,1
3370,12,15,0,0,6,1,6,6,6,0,0,0,0,0,0,0,1,1
3373,11,13,1,1,5,0,5,5,5,0,1,-1,0,2,-2,2,1,1
3375,9,10,1,1,4,0,4,4,4,-1,1,-1,1,4,2,-2,1,1
3377,15,18,1,1,7,0,7,7,7,0,0,1,-1,2,-1,1,1,1
3378,8,9,0,0,4,1,4,4,4,-1,1,1,-1,4,0,0,1,1
3382,12,15,0,0,6,1,6,6,6,0,0,0,0,0,0,0,1,1
3384,11,13,0,1,5,0,5,5,5,0,-1,1,0,2,2,-2,1,1
3386,8,9,0,0,4,1,4,4,4,1,-1,-1,1,4,0,0,1,1
3388,51,72,0,1,25,0,25,25,25,-1,1,-1,1,4,2,-2,1,1
3394,48,70,0,0,24,1,24,24,24,-1,2,-2,1,6,0,0,1,1
3397,32,48,1,0,16,0,15,15,15,-1,0,1,0,2,3,-3,1,1
3400,27,40,0,1,13,0,13,13,13,0,-1,1,0,2,2,-2,1,1
3404,45,66,0,1,22,0,22,22,22,-1,2,-3,2,8,1,-1,1,1
3407,42,63,1,0,21,0,20,20,20,-1,3,-3,1,8,-2,2,1,1
3411,19,30,1,1,9,0,9,9,9,0,1,0,-1,2,-3,3,1,1
3420,27,42,0,1,13,0,13,13,13,-1,1,-1,1,4,2,-2,1,1
3421,4,8,1,0,2,0,1,1,1,0,0,0,0,0,0,0,1,1
3421,226,348,1,0,113,0,112,112,112,0,0,0,0,0,0,0,1,1
3424,220,339,0,0,110,1,110,110,110,1,-2,2,-1,6,0,0,1,1
3429,13,20,1,1,6,0,6,6,6,1,0,-1,0,2,-3,3,1,1
3429,32,48,1,0,16,0,15,15,15,0,2,-3,1,6,-3,3,1,1
3432,199,305,0,1,99,0,99,99,99,1,-3,3,-1,8,2,-2,1,1
3436,15,21,0,1,7,0,7,7,7,-1,1,-1,1,4,2,-2,1,1
3442,48,70,0,0,24,1,24,24,24,0,0,0,0,0,0,0,1,1
3445,214,329,1,0,107,0,106,106,106,1,-2,2,-1,6,0,0,1,1
3449,24,37,1,0,12,0,11,11,11,0,1,-1,0,2,-2,2,1,1
3467,1471,2188,1,1,735,0,735,735,735,6,-12,13,-7,38,-1,1,1,1
3474,1460,2173,0,0,730,1,730,730,730,6,-12,12,-6,36,0,0,1,1
3486,1461,2175,0,1,730,0,730,730,730,6,-13,13,-6,38,2,-2,1,1
3489,1458,2170,1,0,729,0,728,728,728,5,-12,12,-5,34,4,-4,1,1
3496,151,231,0,1,75,0,75,75,75,-1,1,-1,1,4,2,-2,1,1
3501,25,35,1,1,12,0,12,12,12,1,-1,1,-1,4,-2,2,1,1
3503,27,37,1,1,13,0,13,13,13,0,-1,2,-1,4,1,-1,1,1
3513,21,29,1,1,10,0,10,10,10,1,-1,0,0,2,-1,1,1,1
3514,21,29,0,1,10,0,10,10,10,0,-1,1,0,2,2,-2,1,1
3524,1440,2142,0,0,720,1,720,720,720,4,-8,8,-4,24,0,0,1,1
3527,173,266,1,1,86,0,86,86,86,2,-3,3,-2,10,-2,2,1,1
3528,167,257,0,1,83,0,83,83,83,1,-3,3,-1,8,2,-2,1,1
3528,171,263,0,1,85,0,85,85,85,1,-3,4,-2,10,1,-1,1,1
3529,171,263,1,1,85,0,85,85,85,2,-3,3,-2,10,-2,2,1,1
3536,165,255,0,1,82,0,82,82,82,2,-3,2,-1,8,-1,1,1,1
3544,55,87,0,1,27,0,27,27,27,0,-1,1,0,2,2,-2,1,1
3558,1393,2073,0,1,696,0,696,696,696,6,-13,13,-6,38,2,-2,1,1
3568,84,133,0,0,42,1,42,42,42,-1,2,-2,1,6,0,0,1,1
3575,111,174,1,1,55,0,55,55,55,0,-1,2,-1,4,1,-1,1,1
3580,21,35,0,1,10,0,10,10,10,-1,1,-1,1,4,2,-2,1,1
3589,1369,2037,1,1,684,0,684,684,684,6,-10,9,-5,30,-3,3,1,1
3601,45,72,1,1,22,0,22,22,22,0,2,-3,1,6,-3,3,1,1
3601,59,95,1,1,29,0,29,29,29,0,2,-3,1,6,-3,3,1,1
3604,1344,1996,0,0,672,1,672,672,672,6,-12,12,-6,36,0,0,1,1
3605,6,11,1,0,3,0,2,2,2,0,0,0,0,0,0,0,1,1
3605,1344,1996,1,0,672,0,671,671,671,6,-12,12,-6,36,0,0,1,1
3606,1344,1996,0,0,672,1,672,672,672,6,-12,12,-6,36,0,0,1,1
3607,1352,2011,1,0,676,0,675,675,675,5,-9,8,-4,26,-1,1,1,1
3609,4,8,1,0,2,0,1,1,1,-1,1,0,0,2,1,-1,1,1
3609,95,149,1,1,47,0,47,47,47,0,0,1,-1,2,-1,1,1,1
3609,1348,2004,1,0,674,0,673,673,673,5,-9,9,-5,28,-2,2,1,1
3610,1349,2006,0,1,674,0,674,674,674,4,-9,9,-4,26,2,-2,1,1
3611,6,11,1,0,3,0,2,2,2,1,-1,0,0,2,-1,1,1,1
3611,1350,2007,1,0,675,0,674,674,674,5,-9,8,-4,26,-1,1,1,1
3612,1347,2002,0,1,673,0,673,673,673,4,-9,9,-4,26,2,-2,1,1
3613,4,8,1,0,2,0,1,1,1,1,-1,0,0,2,-1,1,1,1
3613,1344,1996,1,0,672,0,671,671,671,6,-10,9,-5,30,-3,3,1,1
3613,1348,2004,1,0,674,0,673,673,673,5,-9,8,-4,26,-1,1,1,1
3615,1342,1993,1,0,671,0,670,670,670,5,-9,9,-5,28,-2,2,1,1
3616,1344,1996,0,0,672,1,672,672,672,4,-8,8,-4,24,0,0,1,1
3617,1344,1996,1,0,672,0,671,671,671,4,-8,8,-4,24,0,0,1,1
3618,1344,1996,0,0,672,1,672,672,672,4,-8,8,-4,24,0,0,1,1
3619,1344,1996,1,0,672,0,671,671,671,4,-8,8,-4,24,0,0,1,1
3620,1344,1996,0,0,672,1,672,672,672,4,-8,8,-4,24,0,0,1,1
3621,13,20,1,1,6,0,6,6,6,1,0,-1,0,2,-3,3,1,1
3621,1344,1996,1,0,672,0,671,671,671,4,-8,8,-4,24,0,0,1,1
3621,1357,2016,1,1,678,0,678,678,678,5,-8,7,-4,24,-3,3,1,1
3621,1376,2044,1,0,688,0,687,687,687,4,-6,5,-3,18,-3,3,1,1
3622,1344,1996,0,0,672,1,672,672,672,4,-8,8,-4,24,0,0,1,1
3623,1338,1985,1,0,669,0,668,668,668,4,-8,8,-4,24,0,0,1,1
3623,1344,1996,1,0,672,0,671,671,671,4,-8,8,-4,24,0,0,1,1
3624,1344,1996,0,0,672,1,672,672,672,4,-8,8,-4,24,0,0,1,1
3625,1340,1988,1,0,670,0,669,669,669,3,-7,8,-4,22,1,-1,1,1
3625,1344,1996,1,0,672,0,671,671,671,4,-8,8,-4,24,0,0,1,1
3626,92,142,0,0,46,1,46,46,46,0,-1,3,-2,6,0,0,1,1
3626,1344,1996,0,0,672,1,672,672,672,4,-8,8,-4,24,0,0,1,1
3627,92,142,1,0,46,0,45,45,45,1,-2,3,-2,8,-1,1,1,1
3627,1344,1996,1,0,672,0,671,671,671,4,-8,8,-4,24,0,0,1,1
3628,15,21,0,1,7,0,7,7,7,-1,1,-1,1,4,2,-2,1,1
3628,1344,1996,0,0,672,1,672,672,672,4,-8,8,-4,24,0,0,1,1
3628,1359,2017,0,1,679,0,679,679,679,3,-7,7,-3,20,2,-2,1,1
3629,741,1098,1,1,370,0,370,370,370,2,-3,3,-2,10,-2,2,1,1
3629,1344,1996,1,0,672,0,671,671,671,4,-8,8,-4,24,0,0,1,1
3630,1344,1996,0,0,672,1,672,672,672,4,-8,8,-4,24,0,0,1,1
3631,82,126,1,0,41,0,40,40,40,1,-2,2,-1,6,0,0,1,1
3631,1344,1996,1,0,672,0,671,671,671,4,-8,8,-4,24,0,0,1,1
3632,1344,1996,0,0,672,1,672,672,672,4,-8,8,-4,24,0,0,1,1
3633,1344,1996,1,0,672,0,671,671,671,4,-8,8,-4,24,0,0,1,1
3634,1344,1996,0,0,672,1,672,672,672,4,-8,8,-4,24,0,0,1,1
3634,1392,2066,0,0,696,1,696,696,696,4,-8,8,-4,24,0,0,1,1
3635,1344,1996,1,0,672,0,671,671,671,4,-8,8,-4,24,0,0,1,1
3636,1344,1996,0,0,672,1,672,672,672,4,-8,8,-4,24,0,0,1,1
3637,1344,1996,1,0,672,0,671,671,671,4,-8,8,-4,24,0,0,1,1
3638,1344,1996,0,0,672,1,672,672,672,4,-8,8,-4,24,0,0,1,1
3639,1344,1996,1,0,672,0,671,671,671,4,-8,8,-4,24,0,0,1,1
3640,1344,1996,0,0,672,1,672,672,672,4,-8,8,-4,24,0,0,1,1
3641,734,1088,1,0,367,0,366,366,366,1,-4,4,-1,10,4,-4,1,1
3641,1344,1996,1,0,672,0,671,671,671,4,-8,8,-4,24,0,0,1,1
3641,1368,2033,1,0,684,0,683,683,683,4,-7,7,-4,22,-2,2,1,1
3642,1344,1996,0,0,672,1,672,672,672,4,-8,8,-4,24,0,0,1,1
3643,1344,1996,1,0,672,0,671,671,671,4,-8,8,-4,24,0,0,1,1
3644,1344,1996,0,0,672,1,672,672,672,4,-8,8,-4,24,0,0,1,1
3645,1344,1996,1,0,672,0,671,671,671,4,-8,8,-4,24,0,0,1,1
3646,1344,1996,0,0,672,1,672,672,672,4,-8,8,-4,24,0,0,1,1
3647,1344,1996,1,0,672,0,671,671,671,4,-8,8,-4,24,0,0,1,1
3648,1344,1996,0,0,672,1,672,672,672,4,-8,8,-4,24,0,0,1,1
3649,1344,1996,1,0,672,0,671,671,671,4,-8,8,-4,24,0,0,1,1
3650,1344,1996,0,0,672,1,672,672,672,4,-8,8,-4,24,0,0,1,1
3651,1344,1996,1,0,672,0,671,671,671,4,-8,8,-4,24,0,0,1,1
3652,1344,1996,0,0,672,1,672,672,672,4,-8,8,-4,24,0,0,1,1
3653,729,1081,1,1,364,0,364,364,364,2,-3,3,-2,10,-2,2,1,1
3653,1344,1996,1,0,672,0,671,671,671,4,-8,8,-4,24,0,0,1,1
3654,1344,1996,0,0,672,1,672,672,672,4,-8,8,-4,24,0,0,1,1
3655,1344,1996,1,0,672,0,671,671,671,4,-8,8,-4,24,0,0,1,1
3656,1344,1996,0,0,672,1,672,672,672,4,-8,8,-4,24,0,0,1,1
3657,1344,1996,1,0,672,0,671,671,671,4,-8,8,-4,24,0,0,1,1
3658,1276,1893,0,0,638,1,638,638,638,6,-12,12,-6,36,0,0,1,1
3658,1344,1996,0,0,672,1,672,672,672,4,-8,8,-4,24,0,0,1,1
3659,730,1081,1,0,365,0,364,364,364,2,-3,3,-2,10,-2,2,1,1
3659,1344,1996,1,0,672,0,671,671,671,4,-8,8,-4,24,0,0,1,1
3660,723,1072,0,1,361,0,361,361,361,1,-3,3,-1,8,2,-2,1,1
3660,1325,1966,0,1,662,0,662,662,662,4,-8,7,-3,22,1,-1,1,1
3660,1331,1976,0,1,665,0,665,665,665,3,-7,7,-3,20,2,-2,1,1
3660,1344,1996,0,0,672,1,672,672,672,4,-8,8,-4,24,0,0,1,1
3661,1275,1891,1,1,637,0,637,637,637,6,-11,11,-6,34,-2,2,1,1
3661,1344,1996,1,0,672,0,671,671,671,4,-8,8,-4,24,0,0,1,1
3662,1272,1887,0,0,636,1,636,636,636,7,-13,11,-5,36,0,0,1,1
3662,1344,1996,0,0,672,1,672,672,672,4,-8,8,-4,24,0,0,1,1
3663,134,205,1,0,67,0,66,66,66,1,-1,1,-1,4,-2,2,1,1
3663,1272,1887,1,0,636,0,635,635,635,6,-12,11,-5,34,1,-1,1,1
3663,1273,1888,1,1,636,0,636,636,636,5,-11,11,-5,32,2,-2,1,1
3663,1344,1996,1,0,672,0,671,671,671,4,-8,8,-4,24,0,0,1,1
3664,1280,1896,0,0,640,1,640,640,640,6,-12,12,-6,36,0,0,1,1
3664,1344,1996,0,0,672,1,672,672,672,4,-8,8,-4,24,0,0,1,1
3665,1280,1896,1,0,640,0,639,639,639,6,-12,12,-6,36,0,0,1,1
3665,1344,1996,1,0,672,0,671,671,671,4,-8,8,-4,24,0,0,1,1
3666,1272,1887,0,0,636,1,636,636,636,5,-11,13,-7,36,0,0,1,1
3666,1280,1896,0,0,640,1,640,640,640,6,-12,12,-6,36,0,0,1,1
3666,1344,1996,0,0,672,1,672,672,672,4,-8,8,-4,24,0,0,1,1
3667,1280,1896,1,0,640,0,639,639,639,6,-12,12,-6,36,0,0,1,1
3667,1344,1996,1,0,672,0,671,671,671,4,-8,8,-4,24,0,0,1,1
3668,24,40,0,0,12,1,12,12,12,0,0,0,0,0,0,0,1,1
3668,704,1044,0,0,352,1,352,352,352,2,-4,4,-2,12,0,0,1,1
3668,716,1063,0,0,358,1,358,358,358,1,-2,2,-1,6,0,0,1,1
3668,1280,1896,0,0,640,1,640,640,640,6,-12,12,-6,36,0,0,1,1
3668,1292,1915,0,0,646,1,646,646,646,5,-10,10,-5,30,0,0,1,1
3668,1344,1996,0,0,672,1,672,672,672,4,-8,8,-4,24,0,0,1,1
3669,704,1044,1,0,352,0,351,351,351,2,-4,4,-2,12,0,0,1,1
3669,723,1073,1,1,361,0,361,361,361,2,-3,3,-2,10,-2,2,1,1
3669,1280,1896,1,0,640,0,639,639,639,6,-12,12,-6,36,0,0,1,1
3669,1344,1996,1,0,672,0,671,671,671,4,-8,8,-4,24,0,0,1,1
3670,25,43,0,1,12,0,12,12,12,-1,1,-1,1,4,2,-2,1,1
3670,704,1044,0,0,352,1,352,352,352,2,-4,4,-2,12,0,0,1,1
3670,1280,1896,0,0,640,1,640,640,640,6,-12,12,-6,36,0,0,1,1
3670,1344,1996,0,0,672,1,672,672,672,4,-8,8,-4,24,0,0,1,1
3671,1280,1896,1,0,640,0,639,639,639,6,-12,12,-6,36,0,0,1,1
3671,1344,1996,1,0,672,0,671,671,671,4,-8,8,-4,24,0,0,1,1
3672,1280,1896,0,0,640,1,640,640,640,6,-12,12,-6,36,0,0,1,1
3672,1344,1996,0,0,672,1,672,672,672,4,-8,8,-4,24,0,0,1,1
3673,1317,1956,1,1,658,0,658,658,658,4,-6,5,-3,18,-3,3,1,1
3673,1329,1975,1,1,664,0,664,664,664,5,-8,7,-4,24,-3,3,1,1
3673,1344,1996,1,0,672,0,671,671,671,4,-8,8,-4,24,0,0,1,1
3674,1272,1887,0,0,636,1,636,636,636,7,-13,11,-5,36,0,0,1,1
3674,1344,1996,0,0,672,1,672,672,672,4,-8,8,-4,24,0,0,1,1
3675,701,1039,1,1,350,0,350,350,350,1,-3,3,-1,8,2,-2,1,1
3675,706,1048,1,0,353,0,352,352,352,2,-3,3,-2,10,-2,2,1,1
3675,1282,1900,1,0,641,0,640,640,640,6,-11,11,-6,34,-2,2,1,1
3675,1344,1996,1,0,672,0,671,671,671,4,-8,8,-4,24,0,0,1,1
3676,19,32,0,1,9,0,9,9,9,-1,1,-1,1,4,2,-2,1,1
3676,1344,1996,0,0,672,1,672,672,672,4,-8,8,-4,24,0,0,1,1
3677,1344,1996,1,0,672,0,671,671,671,4,-8,8,-4,24,0,0,1,1
3678,1344,1996,0,0,672,1,672,672,672,4,-8,8,-4,24,0,0,1,1
3679,1344,1996,1,0,672,0,671,671,671,4,-8,8,-4,24,0,0,1,1
3680,1264,1878,0,0,632,1,632,632,632,6,-12,12,-6,36,0,0,1,1
3680,1344,1996,0,0,672,1,672,672,672,4,-8,8,-4,24,0,0,1,1
3681,1063,1581,1,1,531,0,531,531,531,0,0,1,-1,2,-1,1,1,1
3681,1344,1996,1,0,672,0,671,671,671,4,-8,8,-4,24,0,0,1,1
3682,1344,1996,0,0,672,1,672,672,672,4,-8,8,-4,24,0,0,1,1
3683,1255,1862,1,1,627,0,627,627,627,6,-12,13,-7,38,-1,1,1,1
3683,1260,1870,1,0,630,0,629,629,629,6,-12,12,-6,36,0,0,1,1
3683,1344,1996,1,0,672,0,671,671,671,4,-8,8,-4,24,0,0,1,1
3684,16,28,0,0,8,1,8,8,8,0,0,0,0,0,0,0,1,1
3684,1344,1996,0,0,672,1,672,672,672,4,-8,8,-4,24,0,0,1,1
3685,697,1033,1,1,348,0,348,348,348,2,-2,1,-1,6,-3,3,1,1
3685,1312,1948,1,0,656,0,655,655,655,4,-6,5,-3,18,-3,3,1,1
3685,1344,1996,1,0,672,0,671,671,671,4,-8,8,-4,24,0,0,1,1
3686,1344,1996,0,0,672,1,672,672,672,4,-8,8,-4,24,0,0,1,1
3687,1344,1996,1,0,672,0,671,671,671,4,-8,8,-4,24,0,0,1,1
3688,708,1051,0,0,354,1,354,354,354,1,-2,2,-1,6,0,0,1,1
3688,1344,1996,0,0,672,1,672,672,672,4,-8,8,-4,24,0,0,1,1
3689,110,170,1,0,55,0,54,54,54,-1,0,0,1,2,4,-4,1,1
3689,695,1029,1,1,347,0,347,347,347,0,0,1,-1,2,-1,1,1,1
3689,696,1031,1,0,348,0,347,347,347,0,-1,2,-1,4,1,-1,1,1
3689,1344,1996,1,0,672,0,671,671,671,4,-8,8,-4,24,0,0,1,1
3690,693,1026,0,1,346,0,346,346,346,0,-1,1,0,2,2,-2,1,1
3690,1344,1996,0,0,672,1,672,672,672,4,-8,8,-4,24,0,0,1,1
3691,26,43,1,0,13,0,12,12,12,0,0,0,0,0,0,0,1,1
3691,1344,1996,1,0,672,0,671,671,671,4,-8,8,-4,24,0,0,1,1
3692,24,40,0,0,12,1,12,12,12,0,0,0,0,0,0,0,1,1
3692,1344,1996,0,0,672,1,672,672,672,4,-8,8,-4,24,0,0,1,1
3693,694,1028,1,0,347,0,346,346,346,1,-2,3,-2,8,-1,1,1,1
3693,1317,1954,1,1,658,0,658,658,658,4,-7,7,-4,22,-2,2,1,1
3693,1344,1996,1,0,672,0,671,671,671,4,-8,8,-4,24,0,0,1,1
3693,1369,2031,1,1,684,0,684,684,684,5,-9,9,-5,28,-2,2,1,1
3694,1344,1996,0,0,672,1,672,672,672,4,-8,8,-4,24,0,0,1,1
3695,1344,1996,1,0,672,0,671,671,671,4,-8,8,-4,24,0,0,1,1
3695,1371,2033,1,1,685,0,685,685,685,4,-9,10,-5,28,1,-1,1,1
3696,1344,1996,0,0,672,1,672,672,672,4,-8,8,-4,24,0,0,1,1
3697,1344,1996,1,0,672,0,671,671,671,4,-8,8,-4,24,0,0,1,1
3698,696,1031,0,0,348,1,348,348,348,3,-5,3,-1,12,0,0,1,1
3698,1344,1996,0,0,672,1,672,672,672,4,-8,8,-4,24,0,0,1,1
3699,696,1031,1,0,348,0,347,347,347,2,-4,3,-1,10,1,-1,1,1
3699,697,1032,1,1,348,0,348,348,348,1,-3,3,-1,8,2,-2,1,1
3699,1344,1996,1,0,672,0,671,671,671,4,-8,8,-4,24,0,0,1,1
3700,16,28,0,0,8,1,8,8,8,0,0,0,0,0,0,0,1,1
3700,1344,1996,0,0,672,1,672,672,672,4,-8,8,-4,24,0,0,1,1
3701,6,11,1,0,3,0,2,2,2,0,0,0,0,0,0,0,1,1
3701,105,163,1,1,52,0,52,52,52,0,1,-1,0,2,-2,2,1,1
3701,688,1018,1,0,344,0,343,343,343,1,-2,2,-1,6,0,0,1,1
3701,1344,1996,1,0,672,0,671,671,671,4,-8,8,-4,24,0,0,1,1
3702,696,1031,0,0,348,1,348,348,348,1,-3,5,-3,12,0,0,1,1
3702,1344,1996,0,0,672,1,672,672,672,4,-8,8,-4,24,0,0,1,1
3703,1344,1996,1,0,672,0,671,671,671,4,-8,8,-4,24,0,0,1,1
3704,1344,1996,0,0,672,1,672,672,672,4,-8,8,-4,24,0,0,1,1
3705,4,8,1,0,2,0,1,1,1,-1,1,0,0,2,1,-1,1,1
3705,686,1015,1,0,343,0,342,342,342,0,-2,2,0,4,4,-4,1,1
3705,1344,1996,1,0,672,0,671,671,671,4,-8,8,-4,24,0,0,1,1
3705,1365,2025,1,1,682,0,682,682,682,5,-9,8,-4,26,-1,1,1,1
3706,1344,1996,0,0,672,1,672,672,672,4,-8,8,-4,24,0,0,1,1
3706,1365,2025,0,1,682,0,682,682,682,4,-9,9,-4,26,2,-2,1,1
3707,6,11,1,0,3,0,2,2,2,1,-1,0,0,2,-1,1,1,1
3707,1344,1996,1,0,672,0,671,671,671,4,-8,8,-4,24,0,0,1,1
3708,1344,1996,0,0,672,1,672,672,672,4,-8,8,-4,24,0,0,1,1
3709,4,8,1,0,2,0,1,1,1,1,-1,0,0,2,-1,1,1,1
3709,688,1018,1,0,344,0,343,343,343,1,-3,3,-1,8,2,-2,1,1
3709,1344,1996,1,0,672,0,671,671,671,4,-8,8,-4,24,0,0,1,1
3710,1344,1996,0,0,672,1,672,672,672,4,-8,8,-4,24,0,0,1,1
3711,1344,1996,1,0,672,0,671,671,671,4,-8,8,-4,24,0,0,1,1
3712,684,1011,0,0,342,1,342,342,342,1,-2,2,-1,6,0,0,1,1
3712,688,1018,0,0,344,1,344,344,344,2,-4,4,-2,12,0,0,1,1
3712,1344,1996,0,0,672,1,672,672,672,4,-8,8,-4,24,0,0,1,1
3721,462,682,1,0,231,0,230,230,230,2,-5,5,-2,14,2,-2,1,1
3732,52,79,0,0,26,1,26,26,26,0,0,0,0,0,0,0,1,1
3732,128,192,0,0,64,1,64,64,64,-2,4,-4,2,12,0,0,1,1
3732,448,660,0,0,224,1,224,224,224,3,-6,6,-3,18,0,0,1,1
3733,6,11,1,0,3,0,2,2,2,0,0,0,0,0,0,0,1,1
3733,128,192,1,0,64,0,63,63,63,-2,4,-4,2,12,0,0,1,1
3733,132,199,1,0,66,0,65,65,65,-3,5,-4,2,14,1,-1,1,1
3733,448,660,1,0,224,0,223,223,223,3,-6,6,-3,18,0,0,1,1
3733,451,665,1,1,225,0,225,225,225,3,-5,5,-3,16,-2,2,1,1
3734,128,192,0,0,64,1,64,64,64,-2,4,-4,2,12,0,0,1,1
3734,448,660,0,0,224,1,224,224,224,3,-6,6,-3,18,0,0,1,1
3735,132,199,1,0,66,0,65,65,65,-2,5,-5,2,14,-2,2,1,1
3736,444,657,0,0,222,1,222,222,222,3,-6,6,-3,18,0,0,1,1
3737,4,8,1,0,2,0,1,1,1,-1,1,0,0,2,1,-1,1,1
3737,130,196,1,0,65,0,64,64,64,-3,5,-4,2,14,1,-1,1,1
3738,129,194,0,1,64,0,64,64,64,-3,5,-4,2,14,1,-1,1,1
3739,6,11,1,0,3,0,2,2,2,1,-1,0,0,2,-1,1,1,1
3741,4,8,1,0,2,0,1,1,1,1,-1,0,0,2,-1,1,1,1
3746,41,60,0,1,20,0,20,20,20,-1,1,0,0,2,1,-1,1,1
3753,8,11,1,0,4,0,3,3,3,0,1,-1,0,2,-2,2,1,1
3753,14,18,1,0,7,0,6,6,6,-1,0,0,1,2,4,-4,1,1
3760,60,87,0,0,30,1,30,30,30,-1,2,-2,1,6,0,0,1,1
3761,57,83,1,1,28,0,28,28,28,0,1,-1,0,2,-2,2,1,1
3767,207,302,1,1,103,0,103,103,103,-2,3,-2,1,8,1,-1,1,1
3768,71,105,0,1,35,0,35,35,35,-3,5,-5,3,16,2,-2,1,1
3768,75,111,0,1,37,0,37,37,37,-3,5,-4,2,14,1,-1,1,1
3769,446,656,1,0,223,0,222,222,222,0,-2,2,0,4,4,-4,1,1
3773,114,170,1,0,57,0,56,56,56,-2,4,-4,2,12,0,0,1,1
3774,9,11,0,1,4,0,4,4,4,-1,1,-1,1,4,2,-2,1,1
3774,124,185,0,0,62,1,62,62,62,-1,2,-2,1,6,0,0,1,1
3775,442,650,1,0,221,0,220,220,220,2,-3,2,-1,8,-1,1,1,1
3776,439,645,0,1,219,0,219,219,219,1,-3,3,-1,8,2,-2,1,1
3778,48,70,0,0,24,1,24,24,24,-1,2,-2,1,6,0,0,1,1
3781,32,48,1,0,16,0,15,15,15,-1,0,1,0,2,3,-3,1,1
3784,27,40,0,1,13,0,13,13,13,0,-1,1,0,2,2,-2,1,1
3788,45,66,0,1,22,0,22,22,22,-1,2,-3,2,8,1,-1,1,1
3791,42,63,1,0,21,0,20,20,20,-1,3,-3,1,8,-2,2,1,1
3792,400,590,0,0,200,1,200,200,200,2,-4,4,-2,12,0,0,1,1
3795,19,30,1,1,9,0,9,9,9,0,1,0,-1,2,-3,3,1,1
3804,27,42,0,1,13,0,13,13,13,-1,1,-1,1,4,2,-2,1,1
3805,4,8,1,0,2,0,1,1,1,0,0,0,0,0,0,0,1,1
3812,96,146,0,0,48,1,48,48,48,0,0,0,0,0,0,0,1,1
3813,13,20,1,1,6,0,6,6,6,1,0,-1,0,2,-3,3,1,1
3813,32,48,1,0,16,0,15,15,15,0,2,-3,1,6,-3,3,1,1
3818,173,255,0,1,86,0,86,86,86,-1,1,-1,1,4,2,-2,1,1
3820,15,21,0,1,7,0,7,7,7,-1,1,-1,1,4,2,-2,1,1
3820,427,628,0,1,213,0,213,213,213,1,-3,3,-1,8,2,-2,1,1
3824,432,634,0,0,216,1,216,216,216,2,-4,4,-2,12,0,0,1,1
3826,48,70,0,0,24,1,24,24,24,0,0,0,0,0,0,0,1,1
3833,24,37,1,0,12,0,11,11,11,0,1,-1,0,2,-2,2,1,1
3837,377,555,1,1,188,0,188,188,188,3,-5,5,-3,16,-2,2,1,1
3837,409,603,1,1,204,0,204,204,204,3,-5,5,-3,16,-2,2,1,1
3839,411,605,1,1,205,0,205,205,205,2,-5,6,-3,16,1,-1,1,1
3849,405,597,1,1,202,0,202,202,202,3,-5,4,-2,14,-1,1,1,1
3850,405,597,0,1,202,0,202,202,202,2,-5,5,-2,14,2,-2,1,1
3854,403,594,0,1,201,0,201,201,201,3,-6,5,-2,16,1,-1,1,1
3881,428,626,1,0,214,0,213,213,213,3,-5,5,-3,16,-2,2,1,1
3884,427,624,0,1,213,0,213,213,213,2,-5,5,-2,14,2,-2,1,1
3885,25,35,1,1,12,0,12,12,12,1,-1,1,-1,4,-2,2,1,1
3887,27,37,1,1,13,0,13,13,13,0,-1,2,-1,4,1,-1,1,1
3888,421,615,0,1,210,0,210,210,210,4,-7,6,-3,20,-1,1,1,1
3892,356,521,0,0,178,1,178,178,178,2,-4,4,-2,12,0,0,1,1
3895,362,531,1,0,181,0,180,180,180,3,-5,5,-3,16,-2,2,1,1
3897,21,29,1,1,10,0,10,10,10,1,-1,0,0,2,-1,1,1,1
3898,21,29,0,1,10,0,10,10,10,0,-1,1,0,2,2,-2,1,1
3899,408,597,1,0,204,0,203,203,203,3,-6,6,-3,18,0,0,1,1
3903,950,1403,1,0,475,0,474,474,474,1,-1,1,-1,4,-2,2,1,1
3907,350,512,1,0,175,0,174,174,174,3,-5,5,-3,16,-2,2,1,1
3909,607,890,1,1,303,0,303,303,303,0,0,1,-1,2,-1,1,1,1
3911,606,888,1,0,303,0,302,302,302,0,-1,2,-1,4,1,-1,1,1
3913,604,885,1,0,302,0,301,301,301,0,-1,1,0,2,2,-2,1,1
3915,604,885,1,0,302,0,301,301,301,0,-1,2,-1,4,1,-1,1,1
3928,55,87,0,1,27,0,27,27,27,0,-1,1,0,2,2,-2,1,1
3953,360,531,1,0,180,0,179,179,179,2,-5,5,-2,14,2,-2,1,1
3957,925,1370,1,1,462,0,462,462,462,2,-3,3,-2,10,-2,2,1,1
3961,929,1375,1,1,464,0,464,464,464,3,-4,3,-2,12,-3,3,1,1
3963,930,1376,1,0,465,0,464,464,464,2,-3,3,-2,10,-2,2,1,1
3964,21,35,0,1,10,0,10,10,10,-1,1,-1,1,4,2,-2,1,1
3968,919,1361,0,1,459,0,459,459,459,1,-3,3,-1,8,2,-2,1,1
3970,384,564,0,0,192,1,192,192,192,2,-4,4,-2,12,0,0,1,1
3970,924,1367,0,0,462,1,462,462,462,1,-2,2,-1,6,0,0,1,1
3971,924,1367,1,0,462,0,461,461,461,1,-2,2,-1,6,0,0,1,1
3972,924,1367,0,0,462,1,462,462,462,1,-2,2,-1,6,0,0,1,1
3973,336,494,1,0,168,0,167,167,167,4,-6,5,-3,18,-3,3,1,1
3976,336,494,0,0,168,1,168,168,168,2,-4,4,-2,12,0,0,1,1
3977,336,494,1,0,168,0,167,167,167,2,-4,4,-2,12,0,0,1,1
3978,336,494,0,0,168,1,168,168,168,2,-4,4,-2,12,0,0,1,1
3979,336,494,1,0,168,0,167,167,167,2,-4,4,-2,12,0,0,1,1
3980,336,494,0,0,168,1,168,168,168,2,-4,4,-2,12,0,0,1,1
3981,336,494,1,0,168,0,167,167,167,2,-4,4,-2,12,0,0,1,1
3982,336,494,0,0,168,1,168,168,168,2,-4,4,-2,12,0,0,1,1
3983,336,494,1,0,168,0,167,167,167,2,-4,4,-2,12,0,0,1,1
3984,336,494,0,0,168,1,168,168,168,2,-4,4,-2,12,0,0,1,1
3985,336,494,1,0,168,0,167,167,167,2,-4,4,-2,12,0,0,1,1
3986,336,494,0,0,168,1,168,168,168,2,-4,4,-2,12,0,0,1,1
3987,336,494,1,0,168,0,167,167,167,2,-4,4,-2,12,0,0,1,1
3988,320,468,0,0,160,1,160,160,160,3,-6,6,-3,18,0,0,1,1
3988,336,494,0,0,168,1,168,168,168,2,-4,4,-2,12,0,0,1,1
3989,6,11,1,0,3,0,2,2,2,0,0,0,0,0,0,0,1,1
3989,176,258,1,0,88,0,87,87,87,1,-2,2,-1,6,0,0,1,1
3989,179,263,1,1,89,0,89,89,89,1,-1,1,-1,4,-2,2,1,1
3989,320,468,1,0,160,0,159,159,159,3,-6,6,-3,18,0,0,1,1
3989,323,473,1,1,161,0,161,161,161,3,-5,5,-3,16,-2,2,1,1
3989,336,494,1,0,168,0,167,167,167,2,-4,4,-2,12,0,0,1,1
3990,320,468,0,0,160,1,160,160,160,3,-6,6,-3,18,0,0,1,1
3990,336,494,0,0,168,1,168,168,168,2,-4,4,-2,12,0,0,1,1
3991,336,494,1,0,168,0,167,167,167,2,-4,4,-2,12,0,0,1,1
3992,316,465,0,0,158,1,158,158,158,3,-6,6,-3,18,0,0,1,1
3992,336,494,0,0,168,1,168,168,168,2,-4,4,-2,12,0,0,1,1
3993,4,8,1,0,2,0,1,1,1,-1,1,0,0,2,1,-1,1,1
3993,336,494,1,0,168,0,167,167,167,2,-4,4,-2,12,0,0,1,1
3994,177,260,0,1,88,0,88,88,88,0,-1,2,-1,4,1,-1,1,1
3994,336,494,0,0,168,1,168,168,168,2,-4,4,-2,12,0,0,1,1
3995,6,11,1,0,3,0,2,2,2,1,-1,0,0,2,-1,1,1,1
3995,336,494,1,0,168,0,167,167,167,2,-4,4,-2,12,0,0,1,1
3996,336,494,0,0,168,1,168,168,168,2,-4,4,-2,12,0,0,1,1
3997,4,8,1,0,2,0,1,1,1,1,-1,0,0,2,-1,1,1,1
3997,336,494,1,0,168,0,167,167,167,2,-4,4,-2,12,0,0,1,1
3998,336,494,0,0,168,1,168,168,168,2,-4,4,-2,12,0,0,1,1
3999,336,494,1,0,168,0,167,167,167,2,-4,4,-2,12,0,0,1,1
4000,171,249,0,1,85,0,85,85,85,0,-1,2,-1,4,1,-1,1,1
4000,172,251,0,0,86,1,86,86,86,1,-2,2,-1,6,0,0,1,1
4000,336,494,0,0,168,1,168,168,168,2,-4,4,-2,12,0,0,1,1
4005,13,20,1,1,6,0,6,6,6,1,0,-1,0,2,-3,3,1,1
4005,32,48,1,0,16,0,15,15,15,0,2,-3,1,6,-3,3,1,1
4005,112,162,1,0,56,0,55,55,55,2,-3,2,-1,8,-1,1,1,1
4006,111,162,0,1,55,0,55,55,55,2,-3,2,-1,8,-1,1,1,1
4012,15,21,0,1,7,0,7,7,7,-1,1,-1,1,4,2,-2,1,1
4020,100,145,0,0,50,1,50,50,50,1,-2,2,-1,6,0,0,1,1
4025,24,37,1,0,12,0,11,11,11,0,1,-1,0,2,-2,2,1,1
4028,108,155,0,0,54,1,54,54,54,1,-2,2,-1,6,0,0,1,1
4045,89,127,1,1,44,0,44,44,44,2,-2,1,-1,6,-3,3,1,1
4065,231,337,1,1,115,0,115,115,115,0,0,1,-1,2,-1,1,1,1
4066,84,121,0,0,42,1,42,42,42,1,-2,2,-1,6,0,0,1,1
4067,84,121,1,0,42,0,41,41,41,1,-2,2,-1,6,0,0,1,1
4068,84,121,0,0,42,1,42,42,42,1,-2,2,-1,6,0,0,1,1
4069,80,114,1,0,40,0,39,39,39,2,-3,2,-1,8,-1,1,1,1
4069,84,121,1,0,42,0,41,41,41,1,-2,2,-1,6,0,0,1,1
4070,79,114,0,1,39,0,39,39,39,2,-3,2,-1,8,-1,1,1,1
4070,84,121,0,0,42,1,42,42,42,1,-2,2,-1,6,0,0,1,1
4071,84,121,1,0,42,0,41,41,41,1,-2,2,-1,6,0,0,1,1
4072,43,61,0,1,21,0,21,21,21,0,-1,1,0,2,2,-2,1,1
4072,84,121,0,0,42,1,42,42,42,1,-2,2,-1,6,0,0,1,1
4077,25,35,1,1,12,0,12,12,12,1,-1,1,-1,4,-2,2,1,1
4079,27,37,1,1,13,0,13,13,13,0,-1,2,-1,4,1,-1,1,1
4089,21,29,1,1,10,0,10,10,10,1,-1,0,0,2,-1,1,1,1
4090,21,29,0,1,10,0,10,10,10,0,-1,1,0,2,2,-2,1,1
4103,30,40,1,0,15,0,14,14,14,0,1,-1,0,2,-2,2,1,1
4113,511,744,1,1,255,0,255,255,255,-4,8,-7,3,22,-1,1,1,1
4118,508,741,0,0,254,1,254,254,254,-4,8,-8,4,24,0,0,1,1
4120,507,739,0,1,253,0,253,253,253,-4,7,-7,4,22,2,-2,1,1
4124,120,170,0,0,60,1,60,60,60,-1,2,-2,1,6,0,0,1,1
4128,117,165,0,1,58,0,58,58,58,0,1,-2,1,4,-1,1,1,1
4136,195,284,0,1,97,0,97,97,97,0,-1,1,0,2,2,-2,1,1
4138,12,15,0,0,6,1,6,6,6,0,0,0,0,0,0,0,1,1
4141,11,13,1,1,5,0,5,5,5,0,1,-1,0,2,-2,2,1,1
4141,108,151,1,0,54,0,53,53,53,-2,3,-3,2,10,2,-2,1,1
4143,9,10,1,1,4,0,4,4,4,-1,1,-1,1,4,2,-2,1,1
4145,15,18,1,1,7,0,7,7,7,0,0,1,-1,2,-1,1,1,1
4146,8,9,0,0,4,1,4,4,4,-1,1,1,-1,4,0,0,1,1
4149,495,720,1,1,247,0,247,247,247,-4,8,-7,3,22,-1,1,1,1
4150,12,15,0,0,6,1,6,6,6,0,0,0,0,0,0,0,1,1
4151,494,718,1,0,247,0,246,246,246,-4,7,-6,3,20,1,-1,1,1
4152,11,13,0,1,5,0,5,5,5,0,-1,1,0,2,2,-2,1,1
4154,8,9,0,0,4,1,4,4,4,1,-1,-1,1,4,0,0,1,1
4156,51,72,0,1,25,0,25,25,25,-1,1,-1,1,4,2,-2,1,1
4158,181,263,0,1,90,0,90,90,90,0,-1,1,0,2,2,-2,1,1
4161,179,261,1,1,89,0,89,89,89,1,-1,1,-1,4,-2,2,1,1
4162,48,70,0,0,24,1,24,24,24,-1,2,-2,1,6,0,0,1,1
4164,177,258,0,1,88,0,88,88,88,1,-1,0,0,2,-1,1,1,1
4165,32,48,1,0,16,0,15,15,15,-1,0,1,0,2,3,-3,1,1
4168,27,40,0,1,13,0,13,13,13,0,-1,1,0,2,2,-2,1,1
4172,45,66,0,1,22,0,22,22,22,-1,2,-3,2,8,1,-1,1,1
4175,42,63,1,0,21,0,20,20,20,-1,3,-3,1,8,-2,2,1,1
4177,831,1228,1,1,415,0,415,415,415,0,0,1,-1,2,-1,1,1,1
4179,19,30,1,1,9,0,9,9,9,0,1,0,-1,2,-3,3,1,1
4182,828,1225,0,0,414,1,414,414,414,0,0,0,0,0,0,0,1,1
4184,827,1223,0,1,413,0,413,413,413,0,-1,1,0,2,2,-2,1,1
4188,27,42,0,1,13,0,13,13,13,-1,1,-1,1,4,2,-2,1,1
4189,4,8,1,0,2,0,1,1,1,0,0,0,0,0,0,0,1,1
4197,13,20,1,1,6,0,6,6,6,1,0,-1,0,2,-3,3,1,1
4197,32,48,1,0,16,0,15,15,15,0,2,-3,1,6,-3,3,1,1
4204,15,21,0,1,7,0,7,7,7,-1,1,-1,1,4,2,-2,1,1
4208,480,700,0,0,240,1,240,240,240,-2,4,-4,2,12,0,0,1,1
4217,24,37,1,0,12,0,11,11,11,0,1,-1,0,2,-2,2,1,1
4224,468,681,0,0,234,1,234,234,234,-1,2,-2,1,6,0,0,1,1
4229,361,527,1,1,180,0,180,180,180,-2,5,-5,2,14,-2,2,1,1
4236,467,680,0,1,233,0,233,233,233,-3,5,-5,3,16,2,-2,1,1
4237,73,101,1,1,36,0,36,36,36,2,-2,1,-1,6,-3,3,1,1
4248,791,1167,0,1,395,0,395,395,395,1,-3,3,-1,8,2,-2,1,1
4248,795,1173,0,1,397,0,397,397,397,1,-3,4,-2,10,1,-1,1,1
4249,795,1173,1,1,397,0,397,397,397,2,-3,3,-2,10,-2,2,1,1
4254,805,1189,0,1,402,0,402,402,402,2,-5,5,-2,14,2,-2,1,1
4256,780,1153,0,0,390,1,390,390,390,1,-2,2,-1,6,0,0,1,1
4256,789,1165,0,1,394,0,394,394,394,2,-3,2,-1,8,-1,1,1,1
4257,266,393,1,0,133,0,132,132,132,0,-2,2,0,4,4,-4,1,1
4258,800,1180,0,0,400,1,400,400,400,2,-4,4,-2,12,0,0,1,1
4258,801,1182,0,1,400,0,400,400,400,2,-5,5,-2,14,2,-2,1,1
4260,799,1178,0,1,399,0,399,399,399,2,-5,5,-2,14,2,-2,1,1
4261,48,66,1,0,24,0,23,23,23,1,-1,0,0,2,-1,1,1,1
4261,450,655,1,0,225,0,224,224,224,-2,5,-6,3,16,-1,1,1,1
4262,47,66,0,1,23,0,23,23,23,1,-1,0,0,2,-1,1,1,1
4264,48,66,0,0,24,1,24,24,24,0,0,0,0,0,0,0,1,1
4264,343,499,0,1,171,0,171,171,171,-5,9,-9,5,28,2,-2,1,1
4268,449,652,0,1,224,0,224,224,224,-3,5,-5,3,16,2,-2,1,1
4269,25,35,1,1,12,0,12,12,12,1,-1,1,-1,4,-2,2,1,1
4269,453,658,1,1,226,0,226,226,226,-2,5,-5,2,14,-2,2,1,1
4270,436,632,0,0,218,1,218,218,218,-4,7,-5,2,18,0,0,1,1
4271,27,37,1,1,13,0,13,13,13,0,-1,2,-1,4,1,-1,1,1
4271,436,632,1,0,218,0,217,217,217,-3,6,-5,2,16,-1,1,1,1
4273,44,59,1,0,22,0,21,21,21,1,0,-1,0,2,-3,3,1,1
4274,435,631,0,1,217,0,217,217,217,-2,5,-6,3,16,-1,1,1,1
4276,44,59,0,0,22,1,22,22,22,-1,2,-2,1,6,0,0,1,1
4276,432,626,0,0,216,1,216,216,216,-3,6,-6,3,18,0,0,1,1
4277,432,626,1,0,216,0,215,215,215,-3,6,-6,3,18,0,0,1,1
4278,432,626,0,0,216,1,216,216,216,-3,6,-6,3,18,0,0,1,1
4278,433,628,0,1,216,0,216,216,216,-3,5,-5,3,16,2,-2,1,1
4281,21,29,1,1,10,0,10,10,10,1,-1,0,0,2,-1,1,1,1
4282,21,29,0,1,10,0,10,10,10,0,-1,1,0,2,2,-2,1,1
4284,35,46,0,1,17,0,17,17,17,-1,1,-1,1,4,2,-2,1,1
4284,36,47,0,0,18,1,18,18,18,-1,2,-2,1,6,0,0,1,1
4289,32,42,1,0,16,0,15,15,15,-2,2,-1,1,6,3,-3,1,1
4291,32,42,1,0,16,0,15,15,15,-1,2,-1,0,4,-1,1,1,1
4292,60,81,0,0,30,1,30,30,30,0,0,0,0,0,0,0,1,1
4294,444,645,0,0,222,1,222,222,222,-2,4,-4,2,12,0,0,1,1
4296,32,42,0,0,16,1,16,16,16,0,0,0,0,0,0,0,1,1
4297,443,643,1,1,221,0,221,221,221,-2,5,-5,2,14,-2,2,1,1
4298,440,639,0,0,220,1,220,220,220,-1,3,-5,3,12,0,0,1,1
4307,49,66,1,1,24,0,24,24,24,0,0,0,0,0,0,0,1,1
4307,418,608,1,0,209,0,208,208,208,-2,6,-6,2,16,-4,4,1,1
4309,48,66,1,0,24,0,23,23,23,0,0,0,0,0,0,0,1,1
4309,51,71,1,1,25,0,25,25,25,0,1,-1,0,2,-2,2,1,1
4312,48,66,0,0,24,1,24,24,24,0,0,0,0,0,0,0,1,1
4316,411,598,0,1,205,0,205,205,205,-3,5,-5,3,16,2,-2,1,1
4318,45,61,0,1,22,0,22,22,22,0,-1,2,-1,4,1,-1,1,1
4320,43,57,0,1,21,0,21,21,21,0,-1,2,-1,4,1,-1,1,1
4320,44,59,0,0,22,1,22,22,22,1,-2,2,-1,6,0,0,1,1
4321,32,42,1,0,16,0,15,15,15,2,-2,1,-1,6,-3,3,1,1
4321,209,305,1,1,104,0,104,104,104,1,0,-1,0,2,-3,3,1,1
4323,32,42,1,0,16,0,15,15,15,1,-2,1,0,4,1,-1,1,1
4324,407,592,0,1,203,0,203,203,203,-3,5,-4,2,14,1,-1,1,1
4325,734,1084,1,0,367,0,366,366,366,1,-2,2,-1,6,0,0,1,1
4326,212,311,0,0,106,1,106,106,106,0,0,0,0,0,0,0,1,1
4328,32,42,0,0,16,1,16,16,16,0,0,0,0,0,0,0,1,1
4330,12,15,0,0,6,1,6,6,6,0,0,0,0,0,0,0,1,1
4333,11,13,1,1,5,0,5,5,5,0,1,-1,0,2,-2,2,1,1
4335,9,10,1,1,4,0,4,4,4,-1,1,-1,1,4,2,-2,1,1
4336,204,297,0,0,102,1,102,102,102,-1,2,-2,1,6,0,0,1,1
4337,15,18,1,1,7,0,7,7,7,0,0,1,-1,2,-1,1,1,1
4338,8,9,0,0,4,1,4,4,4,-1,1,1,-1,4,0,0,1,1
4342,12,15,0,0,6,1,6,6,6,0,0,0,0,0,0,0,1,1
4344,11,13,0,1,5,0,5,5,5,0,-1,1,0,2,2,-2,1,1
4344,724,1069,0,0,362,1,362,362,362,1,-2,2,-1,6,0,0,1,1
4346,8,9,0,0,4,1,4,4,4,1,-1,-1,1,4,0,0,1,1
4346,716,1056,0,0,358,1,358,358,358,2,-3,1,0,6,0,0,1,1
4347,716,1056,1,0,358,0,357,357,357,1,-2,1,0,4,1,-1,1,1
4353,717,1060,1,1,358,0,358,358,358,1,-1,1,-1,4,-2,2,1,1
4356,716,1059,0,0,358,1,358,358,358,1,-2,2,-1,6,0,0,1,1
4357,159,238,1,1,79,0,79,79,79,0,0,1,-1,2,-1,1,1,1
4357,192,284,1,0,96,0,95,95,95,-1,3,-3,1,8,-2,2,1,1
4359,30,40,1,0,15,0,14,14,14,0,1,-1,0,2,-2,2,1,1
4359,158,236,1,0,79,0,78,78,78,0,-1,2,-1,4,1,-1,1,1
4360,192,284,0,0,96,1,96,96,96,-2,4,-4,2,12,0,0,1,1
4361,156,233,1,0,78,0,77,77,77,0,-1,1,0,2,2,-2,1,1
4361,191,282,1,1,95,0,95,95,95,-1,4,-5,2,12,-3,3,1,1
4363,156,233,1,0,78,0,77,77,77,0,-1,2,-1,4,1,-1,1,1
4365,736,1090,1,0,368,0,367,367,367,0,-2,3,-1,6,3,-3,1,1
4368,708,1047,0,0,354,1,354,354,354,1,-2,2,-1,6,0,0,1,1
4371,142,214,1,0,71,0,70,70,70,1,-1,1,-1,4,-2,2,1,1
4372,128,192,0,0,64,1,64,64,64,0,0,0,0,0,0,0,1,1
4373,128,192,1,0,64,0,63,63,63,0,0,0,0,0,0,0,1,1
4374,128,192,0,0,64,1,64,64,64,0,0,0,0,0,0,0,1,1
4379,696,1031,1,0,348,0,347,347,347,1,-2,2,-1,6,0,0,1,1
4381,127,190,1,1,63,0,63,63,63,1,-1,1,-1,4,-2,2,1,1
4382,729,1081,0,1,364,0,364,364,364,1,-3,3,-1,8,2,-2,1,1
4383,126,188,1,0,63,0,62,62,62,1,-2,2,-1,6,0,0,1,1
4384,108,161,0,0,54,1,54,54,54,1,-2,2,-1,6,0,0,1,1
4384,695,1029,0,1,347,0,347,347,347,1,-3,3,-1,8,2,-2,1,1
4385,124,185,1,0,62,0,61,61,61,1,-2,2,-1,6,0,0,1,1
4387,124,185,1,0,62,0,61,61,61,1,-2,2,-1,6,0,0,1,1
4394,12,15,0,0,6,1,6,6,6,0,0,0,0,0,0,0,1,1
4397,11,13,1,1,5,0,5,5,5,0,1,-1,0,2,-2,2,1,1
4398,135,204,0,1,67,0,67,67,67,1,-1,0,0,2,-1,1,1,1
4398,136,205,0,0,68,1,68,68,68,1,-1,-1,1,4,0,0,1,1
4399,9,10,1,1,4,0,4,4,4,-1,1,-1,1,4,2,-2,1,1
4400,180,267,0,0,90,1,90,90,90,-3,6,-6,3,18,0,0,1,1
4401,15,18,1,1,7,0,7,7,7,0,0,1,-1,2,-1,1,1,1
4402,8,9,0,0,4,1,4,4,4,-1,1,1,-1,4,0,0,1,1
4402,132,199,0,0,66,1,66,66,66,0,0,0,0,0,0,0,1,1
4405,173,260,1,1,86,0,86,86,86,-2,5,-5,2,14,-2,2,1,1
4406,12,15,0,0,6,1,6,6,6,0,0,0,0,0,0,0,1,1
4408,11,13,0,1,5,0,5,5,5,0,-1,1,0,2,2,-2,1,1
4410,8,9,0,0,4,1,4,4,4,1,-1,-1,1,4,0,0,1,1
4412,168,252,0,0,84,1,84,84,84,-3,6,-6,3,18,0,0,1,1
4428,76,117,0,0,38,1,38,38,38,0,0,0,0,0,0,0,1,1
4434,16,26,0,0,8,1,8,8,8,0,0,0,0,0,0,0,1,1
4445,4,8,1,0,2,0,1,1,1,0,0,0,0,0,0,0,1,1
4448,117,181,0,1,58,0,58,58,58,0,1,-2,1,4,-1,1,1,1
4449,118,182,1,0,59,0,58,58,58,-2,2,-2,2,8,4,-4,1,1
4450,17,28,0,1,8,0,8,8,8,0,-1,1,0,2,2,-2,1,1
4451,118,181,1,0,59,0,58,58,58,-1,2,-2,1,6,0,0,1,1
4452,109,169,0,1,54,0,54,54,54,0,1,-2,1,4,-1,1,1,1
4461,111,170,1,1,55,0,55,55,55,-1,3,-3,1,8,-2,2,1,1
4464,108,165,0,0,54,1,54,54,54,-1,2,-2,1,6,0,0,1,1
4465,111,170,1,1,55,0,55,55,55,-2,4,-3,1,10,-1,1,1,1
4467,104,161,1,0,52,0,51,51,51,-1,2,-2,1,6,0,0,1,1
4468,16,28,0,0,8,1,8,8,8,-1,2,-2,1,6,0,0,1,1
4469,105,163,1,1,52,0,52,52,52,-1,3,-3,1,8,-2,2,1,1
4473,103,159,1,1,51,0,51,51,51,-2,4,-3,1,10,-1,1,1,1
4474,101,156,0,1,50,0,50,50,50,-2,3,-3,2,10,2,-2,1,1
4477,4,8,1,0,2,0,1,1,1,0,0,0,0,0,0,0,1,1
4500,52,79,0,0,26,1,26,26,26,0,0,0,0,0,0,0,1,1
4500,128,192,0,0,64,1,64,64,64,-2,4,-4,2,12,0,0,1,1
4501,6,11,1,0,3,0,2,2,2,0,0,0,0,0,0,0,1,1
4501,128,192,1,0,64,0,63,63,63,-2,4,-4,2,12,0,0,1,1
4501,132,199,1,0,66,0,65,65,65,-3,5,-4,2,14,1,-1,1,1
4502,128,192,0,0,64,1,64,64,64,-2,4,-4,2,12,0,0,1,1
4503,132,199,1,0,66,0,65,65,65,-2,5,-5,2,14,-2,2,1,1
4505,4,8,1,0,2,0,1,1,1,-1,1,0,0,2,1,-1,1,1
4505,130,196,1,0,65,0,64,64,64,-3,5,-4,2,14,1,-1,1,1
4506,129,194,0,1,64,0,64,64,64,-3,5,-4,2,14,1,-1,1,1
4507,6,11,1,0,3,0,2,2,2,1,-1,0,0,2,-1,1,1,1
4509,4,8,1,0,2,0,1,1,1,1,-1,0,0,2,-1,1,1,1
4514,41,60,0,1,20,0,20,20,20,-1,1,0,0,2,1,-1,1,1
4521,8,11,1,0,4,0,3,3,3,0,1,-1,0,2,-2,2,1,1
4521,14,18,1,0,7,0,6,6,6,-1,0,0,1,2,4,-4,1,1
4528,60,87,0,0,30,1,30,30,30,-1,2,-2,1,6,0,0,1,1
4529,57,83,1,1,28,0,28,28,28,0,1,-1,0,2,-2,2,1,1
4535,207,302,1,1,103,0,103,103,103,-2,3,-2,1,8,1,-1,1,1
4536,71,105,0,1,35,0,35,35,35,-3,5,-5,3,16,2,-2,1,1
4536,75,111,0,1,37,0,37,37,37,-3,5,-4,2,14,1,-1,1,1
4541,114,170,1,0,57,0,56,56,56,-2,4,-4,2,12,0,0,1,1
4542,9,11,0,1,4,0,4,4,4,-1,1,-1,1,4,2,-2,1,1
4542,124,185,0,0,62,1,62,62,62,-1,2,-2,1,6,0,0,1,1
4546,48,70,0,0,24,1,24,24,24,-1,2,-2,1,6,0,0,1,1
4549,32,48,1,0,16,0,15,15,15,-1,0,1,0,2,3,-3,1,1
4552,27,40,0,1,13,0,13,13,13,0,-1,1,0,2,2,-2,1,1
4556,45,66,0,1,22,0,22,22,22,-1,2,-3,2,8,1,-1,1,1
4559,42,63,1,0,21,0,20,20,20,-1,3,-3,1,8,-2,2,1,1
4563,19,30,1,1,9,0,9,9,9,0,1,0,-1,2,-3,3,1,1
4572,27,42,0,1,13,0,13,13,13,-1,1,-1,1,4,2,-2,1,1
4573,4,8,1,0,2,0,1,1,1,0,0,0,0,0,0,0,1,1
4580,96,146,0,0,48,1,48,48,48,0,0,0,0,0,0,0,1,1
4581,13,20,1,1,6,0,6,6,6,1,0,-1,0,2,-3,3,1,1
4581,32,48,1,0,16,0,15,15,15,0,2,-3,1,6,-3,3,1,1
4586,173,255,0,1,86,0,86,86,86,-1,1,-1,1,4,2,-2,1,1
4588,15,21,0,1,7,0,7,7,7,-1,1,-1,1,4,2,-2,1,1
4594,48,70,0,0,24,1,24,24,24,0,0,0,0,0,0,0,1,1
4601,24,37,1,0,12,0,11,11,11,0,1,-1,0,2,-2,2,1,1
4605,345,503,1,1,172,0,172,172,172,3,-5,5,-3,16,-2,2,1,1
4653,25,35,1,1,12,0,12,12,12,1,-1,1,-1,4,-2,2,1,1
4655,27,37,1,1,13,0,13,13,13,0,-1,2,-1,4,1,-1,1,1
4660,292,421,0,0,146,1,146,146,146,2,-4,4,-2,12,0,0,1,1
4665,21,29,1,1,10,0,10,10,10,1,-1,0,0,2,-1,1,1,1
4666,21,29,0,1,10,0,10,10,10,0,-1,1,0,2,2,-2,1,1
4696,55,87,0,1,27,0,27,27,27,0,-1,1,0,2,2,-2,1,1
4732,21,35,0,1,10,0,10,10,10,-1,1,-1,1,4,2,-2,1,1
4740,1064,1584,0,0,532,1,532,532,532,2,-4,4,-2,12,0,0,1,1
4745,206,298,1,0,103,0,102,102,102,0,-2,2,0,4,4,-4,1,1
4751,202,292,1,0,101,0,100,100,100,2,-3,2,-1,8,-1,1,1,1
4752,199,287,0,1,99,0,99,99,99,1,-3,3,-1,8,2,-2,1,1
4756,192,276,0,0,96,1,96,96,96,1,-2,2,-1,6,0,0,1,1
4757,6,11,1,0,3,0,2,2,2,0,0,0,0,0,0,0,1,1
4757,192,276,1,0,96,0,95,95,95,1,-2,2,-1,6,0,0,1,1
4758,192,276,0,0,96,1,96,96,96,1,-2,2,-1,6,0,0,1,1
4760,188,273,0,0,94,1,94,94,94,1,-2,2,-1,6,0,0,1,1
4761,4,8,1,0,2,0,1,1,1,-1,1,0,0,2,1,-1,1,1
4763,6,11,1,0,3,0,2,2,2,1,-1,0,0,2,-1,1,1,1
4765,4,8,1,0,2,0,1,1,1,1,-1,0,0,2,-1,1,1,1
4765,192,276,1,0,96,0,95,95,95,1,-1,0,0,2,-1,1,1,1
4768,192,276,0,0,96,1,96,96,96,0,0,0,0,0,0,0,1,1
4773,13,20,1,1,6,0,6,6,6,1,0,-1,0,2,-3,3,1,1
4773,32,48,1,0,16,0,15,15,15,0,2,-3,1,6,-3,3,1,1
4773,112,162,1,0,56,0,55,55,55,2,-3,2,-1,8,-1,1,1,1
4774,111,162,0,1,55,0,55,55,55,2,-3,2,-1,8,-1,1,1,1
4780,15,21,0,1,7,0,7,7,7,-1,1,-1,1,4,2,-2,1,1
4788,100,145,0,0,50,1,50,50,50,1,-2,2,-1,6,0,0,1,1
4793,24,37,1,0,12,0,11,11,11,0,1,-1,0,2,-2,2,1,1
4796,108,155,0,0,54,1,54,54,54,1,-2,2,-1,6,0,0,1,1
4804,176,250,0,0,88,1,88,88,88,0,0,0,0,0,0,0,1,1
4805,160,228,1,0,80,0,79,79,79,-1,0,1,0,2,3,-3,1,1
4805,163,233,1,1,81,0,81,81,81,1,-1,1,-1,4,-2,2,1,1
4805,176,250,1,0,88,0,87,87,87,0,0,0,0,0,0,0,1,1
4806,176,250,0,0,88,1,88,88,88,0,0,0,0,0,0,0,1,1
4809,158,225,1,0,79,0,78,78,78,-1,0,1,0,2,3,-3,1,1
4813,89,127,1,1,44,0,44,44,44,2,-2,1,-1,6,-3,3,1,1
4813,176,250,1,0,88,0,87,87,87,0,2,-3,1,6,-3,3,1,1
4815,174,247,1,0,87,0,86,86,86,-1,3,-3,1,8,-2,2,1,1
4816,176,250,0,0,88,1,88,88,88,-2,4,-4,2,12,0,0,1,1
4834,84,121,0,0,42,1,42,42,42,1,-2,2,-1,6,0,0,1,1
4835,84,121,1,0,42,0,41,41,41,1,-2,2,-1,6,0,0,1,1
4835,150,213,1,0,75,0,74,74,74,-1,2,-2,1,6,0,0,1,1
4836,84,121,0,0,42,1,42,42,42,1,-2,2,-1,6,0,0,1,1
4837,80,114,1,0,40,0,39,39,39,2,-3,2,-1,8,-1,1,1,1
4837,84,121,1,0,42,0,41,41,41,1,-2,2,-1,6,0,0,1,1
4838,79,114,0,1,39,0,39,39,39,2,-3,2,-1,8,-1,1,1,1
4838,84,121,0,0,42,1,42,42,42,1,-2,2,-1,6,0,0,1,1
4839,84,121,1,0,42,0,41,41,41,1,-2,2,-1,6,0,0,1,1
4840,43,61,0,1,21,0,21,21,21,0,-1,1,0,2,2,-2,1,1
4840,84,121,0,0,42,1,42,42,42,1,-2,2,-1,6,0,0,1,1
4840,145,205,0,1,72,0,72,72,72,-1,2,-3,2,8,1,-1,1,1
4845,25,35,1,1,12,0,12,12,12,1,-1,1,-1,4,-2,2,1,1
4847,27,37,1,1,13,0,13,13,13,0,-1,2,-1,4,1,-1,1,1
4848,140,197,0,0,70,1,70,70,70,-1,2,-2,1,6,0,0,1,1
4848,143,201,0,1,71,0,71,71,71,-2,3,-3,2,10,2,-2,1,1
4848,144,202,0,0,72,1,72,72,72,-2,4,-4,2,12,0,0,1,1
4853,140,197,1,0,70,0,69,69,69,-3,4,-3,2,12,3,-3,1,1
4854,225,319,0,1,112,0,112,112,112,0,-1,1,0,2,2,-2,1,1
4855,140,197,1,0,70,0,69,69,69,-2,4,-3,1,10,-1,1,1,1
4857,21,29,1,1,10,0,10,10,10,1,-1,0,0,2,-1,1,1,1
4857,138,194,1,0,69,0,68,68,68,-3,4,-3,2,12,3,-3,1,1
4858,21,29,0,1,10,0,10,10,10,0,-1,1,0,2,2,-2,1,1
4868,128,180,0,0,64,1,64,64,64,-2,4,-4,2,12,0,0,1,1
4869,128,180,1,0,64,0,63,63,63,-2,4,-4,2,12,0,0,1,1
4870,128,180,0,0,64,1,64,64,64,-2,4,-4,2,12,0,0,1,1
4871,30,40,1,0,15,0,14,14,14,0,1,-1,0,2,-2,2,1,1
4871,222,316,1,0,111,0,110,110,110,0,1,-1,0,2,-2,2,1,1
4876,128,180,0,0,64,1,64,64,64,-2,4,-4,2,12,0,0,1,1
4877,125,176,1,1,62,0,62,62,62,-1,3,-3,1,8,-2,2,1,1
4880,240,342,0,0,120,1,120,120,120,0,0,0,0,0,0,0,1,1
4887,918,1360,1,0,459,0,458,458,458,3,-4,3,-2,12,-3,3,1,1
4890,917,1358,0,1,458,0,458,458,458,1,-3,3,-1,8,2,-2,1,1
4896,117,165,0,1,58,0,58,58,58,0,1,-2,1,4,-1,1,1,1
4896,128,180,0,0,64,1,64,64,64,0,0,0,0,0,0,0,1,1
4897,125,176,1,1,62,0,62,62,62,0,2,-3,1,6,-3,3,1,1
4906,12,15,0,0,6,1,6,6,6,0,0,0,0,0,0,0,1,1
4909,11,13,1,1,5,0,5,5,5,0,1,-1,0,2,-2,2,1,1
4909,108,151,1,0,54,0,53,53,53,-2,3,-3,2,10,2,-2,1,1
4911,9,10,1,1,4,0,4,4,4,-1,1,-1,1,4,2,-2,1,1
4913,15,18,1,1,7,0,7,7,7,0,0,1,-1,2,-1,1,1,1
4914,8,9,0,0,4,1,4,4,4,-1,1,1,-1,4,0,0,1,1
4918,12,15,0,0,6,1,6,6,6,0,0,0,0,0,0,0,1,1
4920,11,13,0,1,5,0,5,5,5,0,-1,1,0,2,2,-2,1,1
4922,8,9,0,0,4,1,4,4,4,1,-1,-1,1,4,0,0,1,1
4924,51,72,0,1,25,0,25,25,25,-1,1,-1,1,4,2,-2,1,1
4930,48,70,0,0,24,1,24,24,24,-1,2,-2,1,6,0,0,1,1
4933,32,48,1,0,16,0,15,15,15,-1,0,1,0,2,3,-3,1,1
4933,880,1306,1,0,440,0,439,439,439,1,-1,1,-1,4,-2,2,1,1
4936,27,40,0,1,13,0,13,13,13,0,-1,1,0,2,2,-2,1,1
4937,879,1304,1,1,439,0,439,439,439,1,0,-1,0,2,-3,3,1,1
4939,877,1301,1,1,438,0,438,438,438,0,0,0,0,0,0,0,1,1
4939,882,1310,1,0,441,0,440,440,440,0,1,-1,0,2,-2,2,1,1
4940,45,66,0,1,22,0,22,22,22,-1,2,-3,2,8,1,-1,1,1
4940,196,279,0,0,98,1,98,98,98,0,0,0,0,0,0,0,1,1
4941,215,308,1,1,107,0,107,107,107,0,1,-1,0,2,-2,2,1,1
4943,42,63,1,0,21,0,20,20,20,-1,3,-3,1,8,-2,2,1,1
4947,19,30,1,1,9,0,9,9,9,0,1,0,-1,2,-3,3,1,1
4948,192,276,0,0,96,1,96,96,96,0,0,0,0,0,0,0,1,1
4948,204,295,0,0,102,1,102,102,102,-1,2,-2,1,6,0,0,1,1
4949,192,276,1,0,96,0,95,95,95,0,0,0,0,0,0,0,1,1
4949,211,305,1,1,105,0,105,105,105,0,1,-1,0,2,-2,2,1,1
4950,192,276,0,0,96,1,96,96,96,0,0,0,0,0,0,0,1,1
4951,878,1306,1,0,439,0,438,438,438,0,1,-1,0,2,-2,2,1,1
4953,202,292,1,0,101,0,100,100,100,-1,1,0,0,2,1,-1,1,1
4954,201,290,0,1,100,0,100,100,100,-1,1,0,0,2,1,-1,1,1
4956,27,42,0,1,13,0,13,13,13,-1,1,-1,1,4,2,-2,1,1
4956,875,1300,0,1,437,0,437,437,437,-1,1,-1,1,4,2,-2,1,1
4957,4,8,1,0,2,0,1,1,1,0,0,0,0,0,0,0,1,1
4957,192,276,1,0,96,0,95,95,95,0,0,0,0,0,0,0,1,1
4960,192,276,0,0,96,1,96,96,96,0,0,0,0,0,0,0,1,1
4965,13,20,1,1,6,0,6,6,6,1,0,-1,0,2,-3,3,1,1
4965,32,48,1,0,16,0,15,15,15,0,2,-3,1,6,-3,3,1,1
4965,906,1346,1,0,453,0,452,452,452,-1,3,-4,2,10,-1,1,1,1
4967,904,1343,1,0,452,0,451,451,451,-2,3,-3,2,10,2,-2,1,1
4968,903,1341,0,1,451,0,451,451,451,-2,3,-3,2,10,2,-2,1,1
4972,15,21,0,1,7,0,7,7,7,-1,1,-1,1,4,2,-2,1,1
4973,894,1327,1,0,447,0,446,446,446,-1,2,-2,1,6,0,0,1,1
4974,857,1269,0,1,428,0,428,428,428,-1,1,-1,1,4,2,-2,1,1
4977,148,209,1,0,74,0,73,73,73,2,-3,3,-2,10,-2,2,1,1
4977,889,1319,1,1,444,0,444,444,444,0,1,-1,0,2,-2,2,1,1
4979,177,250,1,1,88,0,88,88,88,0,0,0,0,0,0,0,1,1
4981,176,250,1,0,88,0,87,87,87,0,0,0,0,0,0,0,1,1
4982,184,263,0,0,92,1,92,92,92,0,-1,3,-2,6,0,0,1,1
4984,180,257,0,0,90,1,90,90,90,1,-2,2,-1,6,0,0,1,1
4985,24,37,1,0,12,0,11,11,11,0,1,-1,0,2,-2,2,1,1
4989,176,250,1,0,88,0,87,87,87,0,-2,3,-1,6,3,-3,1,1
4990,172,243,0,0,86,1,86,86,86,1,-2,2,-1,6,0,0,1,1
4990,177,252,0,1,88,0,88,88,88,1,-3,4,-2,10,1,-1,1,1
4990,849,1258,0,1,424,0,424,424,424,0,-1,1,0,2,2,-2,1,1
4991,139,195,1,1,69,0,69,69,69,1,-3,4,-2,10,1,-1,1,1
4991,172,243,1,0,86,0,85,85,85,1,-2,2,-1,6,0,0,1,1
4991,843,1247,1,1,421,0,421,421,421,0,-1,2,-1,4,1,-1,1,1
4992,172,243,0,0,86,1,86,86,86,1,-2,2,-1,6,0,0,1,1
4992,176,250,0,0,88,1,88,88,88,2,-4,4,-2,12,0,0,1,1
4996,128,180,0,0,64,1,64,64,64,2,-4,4,-2,12,0,0,1,1
4996,131,184,0,1,65,0,65,65,65,1,-3,3,-1,8,2,-2,1,1
4996,836,1237,0,0,418,1,418,418,418,0,0,0,0,0,0,0,1,1
4997,128,180,1,0,64,0,63,63,63,2,-4,4,-2,12,0,0,1,1
4998,128,180,0,0,64,1,64,64,64,2,-4,4,-2,12,0,0,1,1
5000,171,243,0,1,85,0,85,85,85,1,-3,3,-1,8,2,-2,1,1
5004,128,180,0,0,64,1,64,64,64,2,-4,4,-2,12,0,0,1,1
5005,73,101,1,1,36,0,36,36,36,2,-2,1,-1,6,-3,3,1,1
5013,848,1258,1,0,424,0,423,423,423,-2,2,-1,1,6,3,-3,1,1
5016,131,184,0,1,65,0,65,65,65,1,-3,3,-1,8,2,-2,1,1
5016,848,1258,0,0,424,1,424,424,424,0,0,0,0,0,0,0,1,1
5022,852,1265,0,0,426,1,426,426,426,-1,2,-2,1,6,0,0,1,1
5024,128,180,0,0,64,1,64,64,64,0,0,0,0,0,0,0,1,1
5025,103,145,1,1,51,0,51,51,51,0,0,1,-1,2,-1,1,1,1
5029,48,66,1,0,24,0,23,23,23,1,-1,0,0,2,-1,1,1,1
5030,47,66,0,1,23,0,23,23,23,1,-1,0,0,2,-1,1,1,1
5032,48,66,0,0,24,1,24,24,24,0,0,0,0,0,0,0,1,1
5037,25,35,1,1,12,0,12,12,12,1,-1,1,-1,4,-2,2,1,1
5039,27,37,1,1,13,0,13,13,13,0,-1,2,-1,4,1,-1,1,1
5041,44,59,1,0,22,0,21,21,21,1,0,-1,0,2,-3,3,1,1
5044,44,59,0,0,22,1,22,22,22,-1,2,-2,1,6,0,0,1,1
5049,21,29,1,1,10,0,10,10,10,1,-1,0,0,2,-1,1,1,1
5050,21,29,0,1,10,0,10,10,10,0,-1,1,0,2,2,-2,1,1
5052,35,46,0,1,17,0,17,17,17,-1,1,-1,1,4,2,-2,1,1
5052,36,47,0,0,18,1,18,18,18,-1,2,-2,1,6,0,0,1,1
5056,816,1206,0,0,408,1,408,408,408,-2,4,-4,2,12,0,0,1,1
5057,32,42,1,0,16,0,15,15,15,-2,2,-1,1,6,3,-3,1,1
5059,32,42,1,0,16,0,15,15,15,-1,2,-1,0,4,-1,1,1,1
5060,60,81,0,0,30,1,30,30,30,0,0,0,0,0,0,0,1,1
5064,32,42,0,0,16,1,16,16,16,0,0,0,0,0,0,0,1,1
5064,823,1219,0,1,411,0,411,411,411,-3,5,-5,3,16,2,-2,1,1
5075,49,66,1,1,24,0,24,24,24,0,0,0,0,0,0,0,1,1
5077,48,66,1,0,24,0,23,23,23,0,0,0,0,0,0,0,1,1
5077,51,71,1,1,25,0,25,25,25,0,1,-1,0,2,-2,2,1,1
5080,48,66,0,0,24,1,24,24,24,0,0,0,0,0,0,0,1,1
5086,45,61,0,1,22,0,22,22,22,0,-1,2,-1,4,1,-1,1,1
5088,43,57,0,1,21,0,21,21,21,0,-1,2,-1,4,1,-1,1,1
5088,44,59,0,0,22,1,22,22,22,1,-2,2,-1,6,0,0,1,1
5089,32,42,1,0,16,0,15,15,15,2,-2,1,-1,6,-3,3,1,1
5091,32,42,1,0,16,0,15,15,15,1,-2,1,0,4,1,-1,1,1
5096,32,42,0,0,16,1,16,16,16,0,0,0,0,0,0,0,1,1
5098,12,15,0,0,6,1,6,6,6,0,0,0,0,0,0,0,1,1
5101,11,13,1,1,5,0,5,5,5,0,1,-1,0,2,-2,2,1,1
5103,9,10,1,1,4,0,4,4,4,-1,1,-1,1,4,2,-2,1,1
5105,15,18,1,1,7,0,7,7,7,0,0,1,-1,2,-1,1,1,1
5106,8,9,0,0,4,1,4,4,4,-1,1,1,-1,4,0,0,1,1
5110,12,15,0,0,6,1,6,6,6,0,0,0,0,0,0,0,1,1
5112,11,13,0,1,5,0,5,5,5,0,-1,1,0,2,2,-2,1,1
5114,8,9,0,0,4,1,4,4,4,1,-1,-1,1,4,0,0,1,1
5127,30,40,1,0,15,0,14,14,14,0,1,-1,0,2,-2,2,1,1
5140,636,953,0,0,318,1,318,318,318,0,0,0,0,0,0,0,1,1
5140,768,1144,0,0,384,1,384,384,384,-3,6,-6,3,18,0,0,1,1
5141,768,1144,1,0,384,0,383,383,383,-3,6,-6,3,18,0,0,1,1
5142,768,1144,0,0,384,1,384,384,384,-3,6,-6,3,18,0,0,1,1
5146,633,948,0,1,316,0,316,316,316,0,-1,2,-1,4,1,-1,1,1
5148,120,170,0,0,60,1,60,60,60,-1,2,-2,1,6,0,0,1,1
5148,632,946,0,0,316,1,316,316,316,1,-2,2,-1,6,0,0,1,1
5149,768,1144,1,0,384,0,383,383,383,-3,7,-7,3,20,-2,2,1,1
5150,628,940,0,0,314,1,314,314,314,0,-1,3,-2,6,0,0,1,1
5151,628,940,1,0,314,0,313,313,313,1,-2,3,-2,8,-1,1,1,1
5152,117,165,0,1,58,0,58,58,58,0,1,-2,1,4,-1,1,1,1
5152,768,1144,0,0,384,1,384,384,384,-4,8,-8,4,24,0,0,1,1
5153,767,1142,1,1,383,0,383,383,383,-3,8,-9,4,24,-3,3,1,1
5154,616,923,0,0,308,1,308,308,308,3,-5,3,-1,12,0,0,1,1
5154,627,939,0,1,313,0,313,313,313,2,-3,2,-1,8,-1,1,1,1
5154,628,940,0,0,314,1,314,314,314,2,-3,1,0,6,0,0,1,1
5155,616,923,1,0,308,0,307,307,307,2,-4,3,-1,10,1,-1,1,1
5156,624,934,0,0,312,1,312,312,312,1,-2,2,-1,6,0,0,1,1
5156,764,1137,0,0,382,1,382,382,382,-4,8,-8,4,24,0,0,1,1
5157,618,926,1,0,309,0,308,308,308,1,-2,2,-1,6,0,0,1,1
5157,624,934,1,0,312,0,311,311,311,1,-2,2,-1,6,0,0,1,1
5157,628,940,1,0,314,0,313,313,313,1,-3,3,-1,8,2,-2,1,1
5158,612,917,0,0,306,1,306,306,306,2,-4,4,-2,12,0,0,1,1
5158,624,934,0,0,312,1,312,312,312,1,-2,2,-1,6,0,0,1,1
5158,625,936,0,1,312,0,312,312,312,1,-3,3,-1,8,2,-2,1,1
5159,616,923,1,0,308,0,307,307,307,1,-2,2,-1,6,0,0,1,1
5161,616,923,1,0,308,0,307,307,307,0,-1,2,-1,4,1,-1,1,1
5161,625,936,1,1,312,0,312,312,312,2,-3,2,-1,8,-1,1,1,1
5162,12,15,0,0,6,1,6,6,6,0,0,0,0,0,0,0,1,1
5164,624,934,0,0,312,1,312,312,312,1,-2,2,-1,6,0,0,1,1
5165,11,13,1,1,5,0,5,5,5,0,1,-1,0,2,-2,2,1,1
5165,108,151,1,0,54,0,53,53,53,-2,3,-3,2,10,2,-2,1,1
5166,760,1131,0,0,380,1,380,380,380,-3,7,-9,5,24,0,0,1,1
5167,9,10,1,1,4,0,4,4,4,-1,1,-1,1,4,2,-2,1,1
5169,15,18,1,1,7,0,7,7,7,0,0,1,-1,2,-1,1,1,1
5169,611,915,1,1,305,0,305,305,305,1,-2,3,-2,8,-1,1,1,1
5170,8,9,0,0,4,1,4,4,4,-1,1,1,-1,4,0,0,1,1
5171,616,923,1,0,308,0,307,307,307,1,-2,2,-1,6,0,0,1,1
5173,610,915,1,0,305,0,304,304,304,1,-2,2,-1,6,0,0,1,1
5174,12,15,0,0,6,1,6,6,6,0,0,0,0,0,0,0,1,1
5176,11,13,0,1,5,0,5,5,5,0,-1,1,0,2,2,-2,1,1
5178,8,9,0,0,4,1,4,4,4,1,-1,-1,1,4,0,0,1,1
5180,51,72,0,1,25,0,25,25,25,-1,1,-1,1,4,2,-2,1,1
5186,48,70,0,0,24,1,24,24,24,-1,2,-2,1,6,0,0,1,1
5189,32,48,1,0,16,0,15,15,15,-1,0,1,0,2,3,-3,1,1
5192,27,40,0,1,13,0,13,13,13,0,-1,1,0,2,2,-2,1,1
5196,45,66,0,1,22,0,22,22,22,-1,2,-3,2,8,1,-1,1,1
5196,568,854,0,0,284,1,284,284,284,1,-2,2,-1,6,0,0,1,1
5199,42,63,1,0,21,0,20,20,20,-1,3,-3,1,8,-2,2,1,1
5200,512,768,0,0,256,1,256,256,256,0,0,0,0,0,0,0,1,1
5201,512,768,1,0,256,0,255,255,255,0,0,0,0,0,0,0,1,1
5202,512,768,0,0,256,1,256,256,256,0,0,0,0,0,0,0,1,1
5203,19,30,1,1,9,0,9,9,9,0,1,0,-1,2,-3,3,1,1
5203,512,768,1,0,256,0,255,255,255,0,0,0,0,0,0,0,1,1
5204,512,768,0,0,256,1,256,256,256,0,0,0,0,0,0,0,1,1
5205,512,768,1,0,256,0,255,255,255,0,0,0,0,0,0,0,1,1
5205,519,780,1,1,259,0,259,259,259,1,-1,1,-1,4,-2,2,1,1
5206,512,768,0,0,256,1,256,256,256,0,0,0,0,0,0,0,1,1
5207,512,768,1,0,256,0,255,255,255,0,0,0,0,0,0,0,1,1
5208,512,768,0,0,256,1,256,256,256,0,0,0,0,0,0,0,1,1
5212,27,42,0,1,13,0,13,13,13,-1,1,-1,1,4,2,-2,1,1
5213,4,8,1,0,2,0,1,1,1,0,0,0,0,0,0,0,1,1
5214,509,763,0,1,254,0,254,254,254,0,-1,2,-1,4,1,-1,1,1
5221,13,20,1,1,6,0,6,6,6,1,0,-1,0,2,-3,3,1,1
5221,32,48,1,0,16,0,15,15,15,0,2,-3,1,6,-3,3,1,1
5224,455,681,0,1,227,0,227,227,227,1,-3,3,-1,8,2,-2,1,1
5228,15,21,0,1,7,0,7,7,7,-1,1,-1,1,4,2,-2,1,1
5236,508,761,0,0,254,1,254,254,254,1,-2,2,-1,6,0,0,1,1
5237,432,646,1,0,216,0,215,215,215,0,-2,3,-1,6,3,-3,1,1
5241,24,37,1,0,12,0,11,11,11,0,1,-1,0,2,-2,2,1,1
5242,505,756,0,1,252,0,252,252,252,1,-3,4,-2,10,1,-1,1,1
5244,503,752,0,1,251,0,251,251,251,1,-3,4,-2,10,1,-1,1,1
5244,504,754,0,0,252,1,252,252,252,2,-4,4,-2,12,0,0,1,1
5245,432,646,1,0,216,0,215,215,215,2,-4,4,-2,12,0,0,1,1
5246,500,748,0,0,250,1,250,250,250,1,-3,5,-3,12,0,0,1,1
5248,432,646,0,0,216,1,216,216,216,2,-4,4,-2,12,0,0,1,1
5252,496,742,0,0,248,1,248,248,248,2,-4,4,-2,12,0,0,1,1
5253,425,635,1,1,212,0,212,212,212,2,-3,3,-2,10,-2,2,1,1
5253,496,742,1,0,248,0,247,247,247,2,-4,4,-2,12,0,0,1,1
5254,496,742,0,0,248,1,248,248,248,2,-4,4,-2,12,0,0,1,1
5258,489,732,0,1,244,0,244,244,244,1,-3,4,-2,10,1,-1,1,1
5258,500,748,0,0,250,1,250,250,250,1,-3,5,-3,12,0,0,1,1
5260,483,722,0,1,241,0,241,241,241,1,-3,3,-1,8,2,-2,1,1
5260,496,742,0,0,248,1,248,248,248,2,-4,4,-2,12,0,0,1,1
5261,73,101,1,1,36,0,36,36,36,2,-2,1,-1,6,-3,3,1,1
5265,663,992,1,1,331,0,331,331,331,-2,5,-5,2,14,-2,2,1,1
5273,481,721,1,1,240,0,240,240,240,3,-4,3,-2,12,-3,3,1,1
5285,48,66,1,0,24,0,23,23,23,1,-1,0,0,2,-1,1,1,1
5286,47,66,0,1,23,0,23,23,23,1,-1,0,0,2,-1,1,1,1
5288,48,66,0,0,24,1,24,24,24,0,0,0,0,0,0,0,1,1
5293,25,35,1,1,12,0,12,12,12,1,-1,1,-1,4,-2,2,1,1
5295,27,37,1,1,13,0,13,13,13,0,-1,2,-1,4,1,-1,1,1
5297,44,59,1,0,22,0,21,21,21,1,0,-1,0,2,-3,3,1,1
5297,544,818,1,0,272,0,271,271,271,2,-2,1,-1,6,-3,3,1,1
5299,544,818,1,0,272,0,271,271,271,1,-2,1,0,4,1,-1,1,1
5300,44,59,0,0,22,1,22,22,22,-1,2,-2,1,6,0,0,1,1
5301,541,814,1,1,270,0,270,270,270,1,-1,1,-1,4,-2,2,1,1
5304,403,602,0,1,201,0,201,201,201,0,-1,1,0,2,2,-2,1,1
5304,540,813,0,0,270,1,270,270,270,1,-2,2,-1,6,0,0,1,1
5304,544,818,0,0,272,1,272,272,272,0,0,0,0,0,0,0,1,1
5305,21,29,1,1,10,0,10,10,10,1,-1,0,0,2,-1,1,1,1
5306,21,29,0,1,10,0,10,10,10,0,-1,1,0,2,2,-2,1,1
5308,35,46,0,1,17,0,17,17,17,-1,1,-1,1,4,2,-2,1,1
5308,36,47,0,0,18,1,18,18,18,-1,2,-2,1,6,0,0,1,1
5308,547,822,0,1,273,0,273,273,273,-1,1,-1,1,4,2,-2,1,1
5312,720,1074,0,0,360,1,360,360,360,-6,12,-12,6,36,0,0,1,1
5313,32,42,1,0,16,0,15,15,15,-2,2,-1,1,6,3,-3,1,1
5315,32,42,1,0,16,0,15,15,15,-1,2,-1,0,4,-1,1,1,1
5316,60,81,0,0,30,1,30,30,30,0,0,0,0,0,0,0,1,1
5317,528,794,1,0,264,0,263,263,263,1,-1,1,-1,4,-2,2,1,1
5320,32,42,0,0,16,1,16,16,16,0,0,0,0,0,0,0,1,1
5320,423,633,0,1,211,0,211,211,211,1,-3,3,-1,8,2,-2,1,1
5320,528,794,0,0,264,1,264,264,264,0,0,0,0,0,0,0,1,1
5321,527,792,1,1,263,0,263,263,263,1,0,-1,0,2,-3,3,1,1
5331,49,66,1,1,24,0,24,24,24,0,0,0,0,0,0,0,1,1
5332,687,1031,0,1,343,0,343,343,343,-6,11,-11,6,34,2,-2,1,1
5332,692,1039,0,0,346,1,346,346,346,-5,10,-10,5,30,0,0,1,1
5333,48,66,1,0,24,0,23,23,23,0,0,0,0,0,0,0,1,1
5333,51,71,1,1,25,0,25,25,25,0,1,-1,0,2,-2,2,1,1
5336,48,66,0,0,24,1,24,24,24,0,0,0,0,0,0,0,1,1
5342,45,61,0,1,22,0,22,22,22,0,-1,2,-1,4,1,-1,1,1
5344,43,57,0,1,21,0,21,21,21,0,-1,2,-1,4,1,-1,1,1
5344,44,59,0,0,22,1,22,22,22,1,-2,2,-1,6,0,0,1,1
5345,32,42,1,0,16,0,15,15,15,2,-2,1,-1,6,-3,3,1,1
5347,32,42,1,0,16,0,15,15,15,1,-2,1,0,4,1,-1,1,1
5352,32,42,0,0,16,1,16,16,16,0,0,0,0,0,0,0,1,1
5354,12,15,0,0,6,1,6,6,6,0,0,0,0,0,0,0,1,1
5357,11,13,1,1,5,0,5,5,5,0,1,-1,0,2,-2,2,1,1
5358,671,1008,0,1,335,0,335,335,335,-5,11,-12,6,34,-1,1,1,1
5359,9,10,1,1,4,0,4,4,4,-1,1,-1,1,4,2,-2,1,1
5359,486,733,1,0,243,0,242,242,242,1,-1,1,-1,4,-2,2,1,1
5360,672,1008,0,0,336,1,336,336,336,-6,12,-12,6,36,0,0,1,1
5361,15,18,1,1,7,0,7,7,7,0,0,1,-1,2,-1,1,1,1
5362,8,9,0,0,4,1,4,4,4,-1,1,1,-1,4,0,0,1,1
5362,668,1003,0,0,334,1,334,334,334,-6,12,-12,6,36,0,0,1,1
5363,677,1015,1,1,338,0,338,338,338,-5,10,-10,5,30,0,0,1,1
5365,342,517,1,0,171,0,170,170,170,-1,2,-2,1,6,0,0,1,1
5366,12,15,0,0,6,1,6,6,6,0,0,0,0,0,0,0,1,1
5367,367,550,1,1,183,0,183,183,183,0,-1,2,-1,4,1,-1,1,1
5368,11,13,0,1,5,0,5,5,5,0,-1,1,0,2,2,-2,1,1
5369,364,547,1,0,182,0,181,181,181,0,-1,1,0,2,2,-2,1,1
5370,8,9,0,0,4,1,4,4,4,1,-1,-1,1,4,0,0,1,1
5371,364,547,1,0,182,0,181,181,181,0,-1,2,-1,4,1,-1,1,1
5383,30,40,1,0,15,0,14,14,14,0,1,-1,0,2,-2,2,1,1
5399,150,232,1,0,75,0,74,74,74,3,-4,3,-2,12,-3,3,1,1
5402,149,230,0,1,74,0,74,74,74,1,-3,3,-1,8,2,-2,1,1
5418,12,15,0,0,6,1,6,6,6,0,0,0,0,0,0,0,1,1
5421,11,13,1,1,5,0,5,5,5,0,1,-1,0,2,-2,2,1,1
5423,9,10,1,1,4,0,4,4,4,-1,1,-1,1,4,2,-2,1,1
5424,304,462,0,0,152,1,152,152,152,0,0,0,0,0,0,0,1,1
5425,15,18,1,1,7,0,7,7,7,0,0,1,-1,2,-1,1,1,1
5426,8,9,0,0,4,1,4,4,4,-1,1,1,-1,4,0,0,1,1
5430,12,15,0,0,6,1,6,6,6,0,0,0,0,0,0,0,1,1
5432,11,13,0,1,5,0,5,5,5,0,-1,1,0,2,2,-2,1,1
5434,8,9,0,0,4,1,4,4,4,1,-1,-1,1,4,0,0,1,1
5445,64,100,1,0,32,0,31,31,31,-2,2,-1,1,6,3,-3,1,1
5445,67,105,1,1,33,0,33,33,33,0,1,-1,0,2,-2,2,1,1
5445,112,178,1,0,56,0,55,55,55,1,-1,1,-1,4,-2,2,1,1
5448,64,100,0,0,32,1,32,32,32,0,0,0,0,0,0,0,1,1
5449,111,176,1,1,55,0,55,55,55,1,0,-1,0,2,-3,3,1,1
5451,109,173,1,1,54,0,54,54,54,0,0,0,0,0,0,0,1,1
5451,114,182,1,0,57,0,56,56,56,0,1,-1,0,2,-2,2,1,1
5458,16,26,0,0,8,1,8,8,8,0,0,0,0,0,0,0,1,1
5463,110,178,1,0,55,0,54,54,54,0,1,-1,0,2,-2,2,1,1
5468,107,172,0,1,53,0,53,53,53,-1,1,-1,1,4,2,-2,1,1
5469,4,8,1,0,2,0,1,1,1,0,0,0,0,0,0,0,1,1
5474,17,28,0,1,8,0,8,8,8,0,-1,1,0,2,2,-2,1,1
5479,136,215,1,0,68,0,67,67,67,-2,3,-3,2,10,2,-2,1,1
5480,135,213,0,1,67,0,67,67,67,-2,3,-3,2,10,2,-2,1,1
5485,126,199,1,0,63,0,62,62,62,-1,2,-2,1,6,0,0,1,1
5489,121,191,1,1,60,0,60,60,60,0,1,-1,0,2,-2,2,1,1
5490,84,133,0,0,42,1,42,42,42,0,0,0,0,0,0,0,1,1
5492,16,28,0,0,8,1,8,8,8,-1,2,-2,1,6,0,0,1,1
5497,478,728,1,0,239,0,238,238,238,-3,4,-4,3,14,4,-4,1,1
5501,4,8,1,0,2,0,1,1,1,0,0,0,0,0,0,0,1,1
5504,468,713,0,0,234,1,234,234,234,-1,2,-2,1,6,0,0,1,1
5505,76,120,1,0,38,0,37,37,37,1,-1,1,-1,4,-2,2,1,1
5508,472,718,0,0,236,1,236,236,236,-2,4,-4,2,12,0,0,1,1
5510,67,107,0,1,33,0,33,33,33,0,-1,1,0,2,2,-2,1,1
5512,68,107,0,0,34,1,34,34,34,1,-2,2,-1,6,0,0,1,1
5513,473,718,1,1,236,0,236,236,236,-2,5,-6,3,16,-1,1,1,1
5516,472,716,0,0,236,1,236,236,236,-3,6,-6,3,18,0,0,1,1
5520,436,665,0,0,218,1,218,218,218,-1,2,-2,1,6,0,0,1,1
5524,463,703,0,1,231,0,231,231,231,-3,5,-5,3,16,2,-2,1,1
5525,6,11,1,0,3,0,2,2,2,0,0,0,0,0,0,0,1,1
5529,4,8,1,0,2,0,1,1,1,-1,1,0,0,2,1,-1,1,1
5531,6,11,1,0,3,0,2,2,2,1,-1,0,0,2,-1,1,1,1
5532,455,691,0,1,227,0,227,227,227,-3,5,-5,3,16,2,-2,1,1
5533,4,8,1,0,2,0,1,1,1,1,-1,0,0,2,-1,1,1,1
5545,8,11,1,0,4,0,3,3,3,0,1,-1,0,2,-2,2,1,1
5545,14,18,1,0,7,0,6,6,6,-1,0,0,1,2,4,-4,1,1
5556,444,673,0,0,222,1,222,222,222,-3,6,-6,3,18,0,0,1,1
5566,9,11,0,1,4,0,4,4,4,-1,1,-1,1,4,2,-2,1,1
5566,437,661,0,1,218,0,218,218,218,-3,5,-5,3,16,2,-2,1,1
5568,432,654,0,0,216,1,216,216,216,-2,4,-4,2,12,0,0,1,1
5570,428,649,0,0,214,1,214,214,214,-2,4,-4,2,12,0,0,1,1
5572,444,673,0,0,222,1,222,222,222,-4,8,-8,4,24,0,0,1,1
5573,429,652,1,1,214,0,214,214,214,-2,5,-5,2,14,-2,2,1,1
5575,428,650,1,0,214,0,213,213,213,-2,4,-4,2,12,0,0,1,1
5580,416,634,0,0,208,1,208,208,208,-2,4,-4,2,12,0,0,1,1
5580,435,660,0,1,217,0,217,217,217,-4,7,-7,4,22,2,-2,1,1
5581,60,96,1,0,30,0,29,29,29,-1,1,-1,1,4,2,-2,1,1
5581,416,634,1,0,208,0,207,207,207,-2,4,-4,2,12,0,0,1,1
5582,416,634,0,0,208,1,208,208,208,-2,4,-4,2,12,0,0,1,1
5584,64,104,0,0,32,1,32,32,32,-2,4,-4,2,12,0,0,1,1
5584,423,643,0,1,211,0,211,211,211,-3,5,-5,3,16,2,-2,1,1
5586,16,26,0,0,8,1,8,8,8,0,0,0,0,0,0,0,1,1
5588,420,641,0,0,210,1,210,210,210,-3,6,-6,3,18,0,0,1,1
5595,58,95,1,0,29,0,28,28,28,0,2,-3,1,6,-3,3,1,1
5597,4,8,1,0,2,0,1,1,1,0,0,0,0,0,0,0,1,1
5597,59,97,1,1,29,0,29,29,29,-1,2,-1,0,4,-1,1,1,1
5598,409,625,0,1,204,0,204,204,204,-3,5,-5,3,16,2,-2,1,1
5602,17,28,0,1,8,0,8,8,8,0,-1,1,0,2,2,-2,1,1
5602,412,627,0,0,206,1,206,206,206,-3,6,-6,3,18,0,0,1,1
5603,412,627,1,0,206,0,205,205,205,-3,6,-6,3,18,0,0,1,1
5604,412,627,0,0,206,1,206,206,206,-3,6,-6,3,18,0,0,1,1
5608,404,615,0,0,202,1,202,202,202,-3,6,-6,3,18,0,0,1,1
5620,16,28,0,0,8,1,8,8,8,-1,2,-2,1,6,0,0,1,1
5629,4,8,1,0,2,0,1,1,1,0,0,0,0,0,0,0,1,1
5641,316,476,1,0,158,0,157,157,157,1,-1,1,-1,4,-2,2,1,1
5644,315,474,0,1,157,0,157,157,157,0,-1,1,0,2,2,-2,1,1
5648,309,465,0,1,154,0,154,154,154,2,-3,2,-1,8,-1,1,1,1
5649,45,72,1,1,22,0,22,22,22,0,2,-3,1,6,-3,3,1,1
5649,59,95,1,1,29,0,29,29,29,0,2,-3,1,6,-3,3,1,1
5653,6,11,1,0,3,0,2,2,2,0,0,0,0,0,0,0,1,1
5657,4,8,1,0,2,0,1,1,1,-1,1,0,0,2,1,-1,1,1
5659,6,11,1,0,3,0,2,2,2,1,-1,0,0,2,-1,1,1,1
5661,4,8,1,0,2,0,1,1,1,1,-1,0,0,2,-1,1,1,1
5661,379,573,1,1,189,0,189,189,189,-2,5,-5,2,14,-2,2,1,1
5669,13,20,1,1,6,0,6,6,6,1,0,-1,0,2,-3,3,1,1
5673,279,417,1,1,139,0,139,139,139,0,0,1,-1,2,-1,1,1,1
5675,254,381,1,0,127,0,126,126,126,1,-1,0,0,2,-1,1,1,1
5676,15,21,0,1,7,0,7,7,7,-1,1,-1,1,4,2,-2,1,1
5681,237,358,1,1,118,0,118,118,118,1,-1,1,-1,4,-2,2,1,1
5685,541,814,1,1,270,0,270,270,270,-4,9,-9,4,26,-2,2,1,1
5692,543,815,0,1,271,0,271,271,271,-5,9,-9,5,28,2,-2,1,1
5696,215,325,0,1,107,0,107,107,107,1,-3,3,-1,8,2,-2,1,1
5700,241,362,0,1,120,0,120,120,120,2,-3,2,-1,8,-1,1,1,1
5701,208,314,1,0,104,0,103,103,103,2,-3,3,-2,10,-2,2,1,1
5701,535,804,1,1,267,0,267,267,267,-4,9,-9,4,26,-2,2,1,1
5709,208,314,1,0,104,0,103,103,103,1,-1,0,0,2,-1,1,1,1
5709,217,327,1,1,108,0,108,108,108,2,-2,1,-1,6,-3,3,1,1
5709,236,355,1,0,118,0,117,117,117,1,-2,2,-1,6,0,0,1,1
5711,236,355,1,0,118,0,117,117,117,1,-2,2,-1,6,0,0,1,1
5712,208,314,0,0,104,1,104,104,104,0,0,0,0,0,0,0,1,1
5712,512,768,0,0,256,1,256,256,256,-4,8,-8,4,24,0,0,1,1
5713,512,768,1,0,256,0,255,255,255,-4,8,-8,4,24,0,0,1,1
5714,512,768,0,0,256,1,256,256,256,-4,8,-8,4,24,0,0,1,1
5715,512,768,1,0,256,0,255,255,255,-4,8,-8,4,24,0,0,1,1
5716,24,40,0,0,12,1,12,12,12,0,0,0,0,0,0,0,1,1
5716,512,768,0,0,256,1,256,256,256,-4,8,-8,4,24,0,0,1,1
5716,528,794,0,0,264,1,264,264,264,-5,10,-10,5,30,0,0,1,1
5717,512,768,1,0,256,0,255,255,255,-4,8,-8,4,24,0,0,1,1
5717,515,773,1,1,257,0,257,257,257,-4,9,-9,4,26,-2,2,1,1
5717,528,794,1,0,264,0,263,263,263,-5,10,-10,5,30,0,0,1,1
5718,25,43,0,1,12,0,12,12,12,-1,1,-1,1,4,2,-2,1,1
5718,512,768,0,0,256,1,256,256,256,-4,8,-8,4,24,0,0,1,1
5718,528,794,0,0,264,1,264,264,264,-5,10,-10,5,30,0,0,1,1
5719,512,768,1,0,256,0,255,255,255,-4,8,-8,4,24,0,0,1,1
5720,512,768,0,0,256,1,256,256,256,-4,8,-8,4,24,0,0,1,1
5722,524,788,0,0,262,1,262,262,262,-4,9,-11,6,30,0,0,1,1
5724,19,32,0,1,9,0,9,9,9,-1,1,-1,1,4,2,-2,1,1
5724,528,794,0,0,264,1,264,264,264,-5,10,-10,5,30,0,0,1,1
5725,272,408,1,0,136,0,135,135,135,0,0,0,0,0,0,0,1,1
5729,521,784,1,1,260,0,260,260,260,-4,9,-10,5,28,-1,1,1,1
5732,16,28,0,0,8,1,8,8,8,0,0,0,0,0,0,0,1,1
5732,520,782,0,0,260,1,260,260,260,-5,10,-10,5,30,0,0,1,1
5733,208,314,1,0,104,0,103,103,103,2,-3,2,-1,8,-1,1,1,1
5733,519,780,1,1,259,0,259,259,259,-4,10,-11,5,30,-3,3,1,1
5734,207,314,0,1,103,0,103,103,103,2,-3,2,-1,8,-1,1,1,1
5734,524,788,0,0,262,1,262,262,262,-4,9,-11,6,30,0,0,1,1
5736,263,393,0,1,131,0,131,131,131,-1,1,-1,1,4,2,-2,1,1
5736,516,775,0,0,258,1,258,258,258,-5,10,-10,5,30,0,0,1,1
5738,505,756,0,1,252,0,252,252,252,-6,11,-10,5,32,1,-1,1,1
5739,26,43,1,0,13,0,12,12,12,0,0,0,0,0,0,0,1,1
5739,188,282,1,0,94,0,93,93,93,0,0,0,0,0,0,0,1,1
5740,24,40,0,0,12,1,12,12,12,0,0,0,0,0,0,0,1,1
5743,347,521,1,1,173,0,173,173,173,-4,7,-6,3,20,1,-1,1,1
5747,187,282,1,1,93,0,93,93,93,0,0,1,-1,2,-1,1,1,1
5748,16,28,0,0,8,1,8,8,8,0,0,0,0,0,0,0,1,1
5749,6,11,1,0,3,0,2,2,2,0,0,0,0,0,0,0,1,1
5753,4,8,1,0,2,0,1,1,1,-1,1,0,0,2,1,-1,1,1
5755,6,11,1,0,3,0,2,2,2,1,-1,0,0,2,-1,1,1,1
5756,149,225,0,1,74,0,74,74,74,0,1,-2,1,4,-1,1,1,1
5757,4,8,1,0,2,0,1,1,1,1,-1,0,0,2,-1,1,1,1
5762,177,264,0,1,88,0,88,88,88,0,-1,1,0,2,2,-2,1,1
5768,163,242,0,1,81,0,81,81,81,-1,1,-1,1,4,2,-2,1,1
5768,164,243,0,0,82,1,82,82,82,-1,2,-2,1,6,0,0,1,1
5781,6,11,1,0,3,0,2,2,2,0,0,0,0,0,0,0,1,1
5785,4,8,1,0,2,0,1,1,1,-1,1,0,0,2,1,-1,1,1
5787,6,11,1,0,3,0,2,2,2,1,-1,0,0,2,-1,1,1,1
5789,4,8,1,0,2,0,1,1,1,1,-1,0,0,2,-1,1,1,1
5793,538,803,1,0,269,0,268,268,268,-6,10,-10,6,32,4,-4,1,1
5796,32,46,0,0,16,1,16,16,16,0,0,0,0,0,0,0,1,1
5796,56,78,0,0,28,1,28,28,28,0,0,0,0,0,0,0,1,1
5800,263,389,0,1,131,0,131,131,131,-3,5,-5,3,16,2,-2,1,1
5801,8,11,1,0,4,0,3,3,3,0,1,-1,0,2,-2,2,1,1
5801,14,18,1,0,7,0,6,6,6,-1,0,0,1,2,4,-4,1,1
5809,68,95,1,0,34,0,33,33,33,0,1,-1,0,2,-2,2,1,1
5810,48,66,0,0,24,1,24,24,24,0,0,0,0,0,0,0,1,1
5811,51,70,1,1,25,0,25,25,25,0,1,0,-1,2,-3,3,1,1
5811,66,92,1,0,33,0,32,32,32,0,2,-2,0,4,-4,4,1,1
5813,240,354,1,0,120,0,119,119,119,-3,4,-3,2,12,3,-3,1,1
5820,59,82,0,1,29,0,29,29,29,-1,1,-1,1,4,2,-2,1,1
5821,240,354,1,0,120,0,119,119,119,-1,3,-3,1,8,-2,2,1,1
5822,9,11,0,1,4,0,4,4,4,-1,1,-1,1,4,2,-2,1,1
5823,234,344,1,0,117,0,116,116,116,0,1,-2,1,4,-1,1,1,1
5824,240,354,0,0,120,1,120,120,120,-2,4,-4,2,12,0,0,1,1
5825,36,51,1,0,18,0,17,17,17,0,-1,2,-1,4,1,-1,1,1
5827,36,51,1,0,18,0,17,17,17,1,-1,1,-1,4,-2,2,1,1
5828,228,337,0,0,114,1,114,114,114,-1,2,-2,1,6,0,0,1,1
5831,31,44,1,1,15,0,15,15,15,0,-1,2,-1,4,1,-1,1,1
5843,305,454,1,1,152,0,152,152,152,-6,12,-12,6,36,0,0,1,1
5845,304,454,1,0,152,0,151,151,151,-6,12,-12,6,36,0,0,1,1
5848,295,441,0,1,147,0,147,147,147,-6,11,-11,6,34,2,-2,1,1
5853,4,8,1,0,2,0,1,1,1,0,0,0,0,0,0,0,1,1
5854,300,447,0,0,150,1,150,150,150,-5,10,-10,5,30,0,0,1,1
5855,300,447,1,0,150,0,149,149,149,-5,10,-10,5,30,0,0,1,1
5856,284,423,0,0,142,1,142,142,142,-5,10,-10,5,30,0,0,1,1
5856,300,447,0,0,150,1,150,150,150,-5,10,-10,5,30,0,0,1,1
5857,298,443,1,0,149,0,148,148,148,-6,10,-10,6,32,4,-4,1,1
5860,221,327,0,1,110,0,110,110,110,-2,5,-6,3,16,-1,1,1,1
5865,8,11,1,0,4,0,3,3,3,0,1,-1,0,2,-2,2,1,1
5865,14,18,1,0,7,0,6,6,6,-1,0,0,1,2,4,-4,1,1
5865,30,40,1,0,15,0,14,14,14,-2,2,-2,2,8,4,-4,1,1
5865,206,302,1,0,103,0,102,102,102,-2,3,-3,2,10,2,-2,1,1
5866,213,314,0,1,106,0,106,106,106,-3,5,-5,3,16,2,-2,1,1
5869,28,37,1,0,14,0,13,13,13,-2,2,-1,1,6,3,-3,1,1
5874,25,34,0,1,12,0,12,12,12,-1,1,0,0,2,1,-1,1,1
5876,456,682,0,0,228,1,228,228,228,-4,8,-8,4,24,0,0,1,1
5877,496,742,1,0,248,0,247,247,247,-4,6,-5,3,18,3,-3,1,1
5878,497,744,0,1,248,0,248,248,248,-3,5,-4,2,14,1,-1,1,1
5880,36,49,0,0,18,1,18,18,18,-1,2,-2,1,6,0,0,1,1
5880,496,742,0,0,248,1,248,248,248,-2,4,-4,2,12,0,0,1,1
5886,9,11,0,1,4,0,4,4,4,-1,1,-1,1,4,2,-2,1,1
5892,449,672,0,1,224,0,224,224,224,-3,7,-8,4,22,-1,1,1,1
5893,159,238,1,1,79,0,79,79,79,0,0,1,-1,2,-1,1,1,1
5893,192,284,1,0,96,0,95,95,95,-1,3,-3,1,8,-2,2,1,1
5895,30,40,1,0,15,0,14,14,14,0,1,-1,0,2,-2,2,1,1
5895,158,236,1,0,79,0,78,78,78,0,-1,2,-1,4,1,-1,1,1
5896,192,284,0,0,96,1,96,96,96,-2,4,-4,2,12,0,0,1,1
5897,156,233,1,0,78,0,77,77,77,0,-1,1,0,2,2,-2,1,1
5897,191,282,1,1,95,0,95,95,95,-1,4,-5,2,12,-3,3,1,1
5899,156,233,1,0,78,0,77,77,77,0,-1,2,-1,4,1,-1,1,1
5905,276,413,1,0,138,0,137,137,137,-4,7,-6,3,20,1,-1,1,1
5907,142,214,1,0,71,0,70,70,70,1,-1,1,-1,4,-2,2,1,1
5907,276,413,1,0,138,0,137,137,137,-3,7,-7,3,20,-2,2,1,1
5908,128,192,0,0,64,1,64,64,64,0,0,0,0,0,0,0,1,1
5909,128,192,1,0,64,0,63,63,63,0,0,0,0,0,0,0,1,1
5910,128,192,0,0,64,1,64,64,64,0,0,0,0,0,0,0,1,1
5911,271,406,1,1,135,0,135,135,135,-4,7,-6,3,20,1,-1,1,1
5917,127,190,1,1,63,0,63,63,63,1,-1,1,-1,4,-2,2,1,1
5919,126,188,1,0,63,0,62,62,62,1,-2,2,-1,6,0,0,1,1
5920,108,161,0,0,54,1,54,54,54,1,-2,2,-1,6,0,0,1,1
5921,124,185,1,0,62,0,61,61,61,1,-2,2,-1,6,0,0,1,1
5922,435,655,0,1,217,0,217,217,217,-2,5,-6,3,16,-1,1,1,1
5923,124,185,1,0,62,0,61,61,61,1,-2,2,-1,6,0,0,1,1
5925,258,387,1,0,129,0,128,128,128,-3,6,-5,2,16,-1,1,1,1
5925,432,650,1,0,216,0,215,215,215,-2,5,-5,2,14,-2,2,1,1
5930,12,15,0,0,6,1,6,6,6,0,0,0,0,0,0,0,1,1
5933,11,13,1,1,5,0,5,5,5,0,1,-1,0,2,-2,2,1,1
5934,135,204,0,1,67,0,67,67,67,1,-1,0,0,2,-1,1,1,1
5934,136,205,0,0,68,1,68,68,68,1,-1,-1,1,4,0,0,1,1
5935,9,10,1,1,4,0,4,4,4,-1,1,-1,1,4,2,-2,1,1
5936,180,267,0,0,90,1,90,90,90,-3,6,-6,3,18,0,0,1,1
5937,15,18,1,1,7,0,7,7,7,0,0,1,-1,2,-1,1,1,1
5938,8,9,0,0,4,1,4,4,4,-1,1,1,-1,4,0,0,1,1
5938,132,199,0,0,66,1,66,66,66,0,0,0,0,0,0,0,1,1
5941,173,260,1,1,86,0,86,86,86,-2,5,-5,2,14,-2,2,1,1
5942,12,15,0,0,6,1,6,6,6,0,0,0,0,0,0,0,1,1
5944,11,13,0,1,5,0,5,5,5,0,-1,1,0,2,2,-2,1,1
5945,421,634,1,1,210,0,210,210,210,-2,6,-7,3,18,-3,3,1,1
5946,8,9,0,0,4,1,4,4,4,1,-1,-1,1,4,0,0,1,1
5948,168,252,0,0,84,1,84,84,84,-3,6,-6,3,18,0,0,1,1
5964,76,117,0,0,38,1,38,38,38,0,0,0,0,0,0,0,1,1
5970,16,26,0,0,8,1,8,8,8,0,0,0,0,0,0,0,1,1
5981,4,8,1,0,2,0,1,1,1,0,0,0,0,0,0,0,1,1
5984,117,181,0,1,58,0,58,58,58,0,1,-2,1,4,-1,1,1,1
5985,118,182,1,0,59,0,58,58,58,-2,2,-2,2,8,4,-4,1,1
5986,17,28,0,1,8,0,8,8,8,0,-1,1,0,2,2,-2,1,1
5987,118,181,1,0,59,0,58,58,58,-1,2,-2,1,6,0,0,1,1
5988,109,169,0,1,54,0,54,54,54,0,1,-2,1,4,-1,1,1,1
5997,111,170,1,1,55,0,55,55,55,-1,3,-3,1,8,-2,2,1,1
5998,233,351,0,1,116,0,116,116,116,-3,5,-5,3,16,2,-2,1,1
6000,108,165,0,0,54,1,54,54,54,-1,2,-2,1,6,0,0,1,1
6001,111,170,1,1,55,0,55,55,55,-2,4,-3,1,10,-1,1,1,1
6003,104,161,1,0,52,0,51,51,51,-1,2,-2,1,6,0,0,1,1
6004,16,28,0,0,8,1,8,8,8,-1,2,-2,1,6,0,0,1,1
6005,105,163,1,1,52,0,52,52,52,-1,3,-3,1,8,-2,2,1,1
6009,103,159,1,1,51,0,51,51,51,-2,4,-3,1,10,-1,1,1,1
6010,101,156,0,1,50,0,50,50,50,-2,3,-3,2,10,2,-2,1,1
6013,4,8,1,0,2,0,1,1,1,0,0,0,0,0,0,0,1,1
6013,249,375,1,1,124,0,124,124,124,-1,3,-3,1,8,-2,2,1,1
6017,244,366,1,0,122,0,121,121,121,-1,3,-3,1,8,-2,2,1,1
6020,243,364,0,1,121,0,121,121,121,-2,3,-3,2,10,2,-2,1,1
6030,389,587,0,1,194,0,194,194,194,-1,1,-1,1,4,2,-2,1,1
6032,384,580,0,0,192,1,192,192,192,0,0,0,0,0,0,0,1,1
6033,381,576,1,1,190,0,190,190,190,0,2,-3,1,6,-3,3,1,1
6036,52,79,0,0,26,1,26,26,26,0,0,0,0,0,0,0,1,1
6036,128,192,0,0,64,1,64,64,64,-2,4,-4,2,12,0,0,1,1
6037,6,11,1,0,3,0,2,2,2,0,0,0,0,0,0,0,1,1
6037,128,192,1,0,64,0,63,63,63,-2,4,-4,2,12,0,0,1,1
6037,132,199,1,0,66,0,65,65,65,-3,5,-4,2,14,1,-1,1,1
6038,128,192,0,0,64,1,64,64,64,-2,4,-4,2,12,0,0,1,1
6039,132,199,1,0,66,0,65,65,65,-2,5,-5,2,14,-2,2,1,1
6041,4,8,1,0,2,0,1,1,1,-1,1,0,0,2,1,-1,1,1
6041,130,196,1,0,65,0,64,64,64,-3,5,-4,2,14,1,-1,1,1
6042,129,194,0,1,64,0,64,64,64,-3,5,-4,2,14,1,-1,1,1
6043,6,11,1,0,3,0,2,2,2,1,-1,0,0,2,-1,1,1,1
6045,4,8,1,0,2,0,1,1,1,1,-1,0,0,2,-1,1,1,1
6050,41,60,0,1,20,0,20,20,20,-1,1,0,0,2,1,-1,1,1
6050,696,1035,0,0,348,1,348,348,348,-2,3,-1,0,6,0,0,1,1
6056,692,1029,0,0,346,1,346,346,346,-1,2,-2,1,6,0,0,1,1
6057,8,11,1,0,4,0,3,3,3,0,1,-1,0,2,-2,2,1,1
6057,14,18,1,0,7,0,6,6,6,-1,0,0,1,2,4,-4,1,1
6060,695,1031,0,1,347,0,347,347,347,-1,1,-1,1,4,2,-2,1,1
6064,60,87,0,0,30,1,30,30,30,-1,2,-2,1,6,0,0,1,1
6065,57,83,1,1,28,0,28,28,28,0,1,-1,0,2,-2,2,1,1
6072,71,105,0,1,35,0,35,35,35,-3,5,-5,3,16,2,-2,1,1
6072,75,111,0,1,37,0,37,37,37,-3,5,-4,2,14,1,-1,1,1
6077,114,170,1,0,57,0,56,56,56,-2,4,-4,2,12,0,0,1,1
6078,9,11,0,1,4,0,4,4,4,-1,1,-1,1,4,2,-2,1,1
6078,124,185,0,0,62,1,62,62,62,-1,2,-2,1,6,0,0,1,1
6080,677,1007,0,1,338,0,338,338,338,0,-1,1,0,2,2,-2,1,1
6082,48,70,0,0,24,1,24,24,24,-1,2,-2,1,6,0,0,1,1
6085,32,48,1,0,16,0,15,15,15,-1,0,1,0,2,3,-3,1,1
6085,192,284,1,0,96,0,95,95,95,-2,2,-1,1,6,3,-3,1,1
6085,195,289,1,1,97,0,97,97,97,0,1,-1,0,2,-2,2,1,1
6088,27,40,0,1,13,0,13,13,13,0,-1,1,0,2,2,-2,1,1
6088,192,284,0,0,96,1,96,96,96,0,0,0,0,0,0,0,1,1
6092,45,66,0,1,22,0,22,22,22,-1,2,-3,2,8,1,-1,1,1
6095,42,63,1,0,21,0,20,20,20,-1,3,-3,1,8,-2,2,1,1
6099,19,30,1,1,9,0,9,9,9,0,1,0,-1,2,-3,3,1,1
6108,27,42,0,1,13,0,13,13,13,-1,1,-1,1,4,2,-2,1,1
6109,4,8,1,0,2,0,1,1,1,0,0,0,0,0,0,0,1,1
6116,96,146,0,0,48,1,48,48,48,0,0,0,0,0,0,0,1,1
6117,13,20,1,1,6,0,6,6,6,1,0,-1,0,2,-3,3,1,1
6117,32,48,1,0,16,0,15,15,15,0,2,-3,1,6,-3,3,1,1
6122,173,255,0,1,86,0,86,86,86,-1,1,-1,1,4,2,-2,1,1
6124,15,21,0,1,7,0,7,7,7,-1,1,-1,1,4,2,-2,1,1
6130,48,70,0,0,24,1,24,24,24,0,0,0,0,0,0,0,1,1
6137,24,37,1,0,12,0,11,11,11,0,1,-1,0,2,-2,2,1,1
6189,25,35,1,1,12,0,12,12,12,1,-1,1,-1,4,-2,2,1,1
6191,27,37,1,1,13,0,13,13,13,0,-1,2,-1,4,1,-1,1,1
6201,21,29,1,1,10,0,10,10,10,1,-1,0,0,2,-1,1,1,1
6202,21,29,0,1,10,0,10,10,10,0,-1,1,0,2,2,-2,1,1
6232,55,87,0,1,27,0,27,27,27,0,-1,1,0,2,2,-2,1,1
6268,21,35,0,1,10,0,10,10,10,-1,1,-1,1,4,2,-2,1,1
6293,6,11,1,0,3,0,2,2,2,0,0,0,0,0,0,0,1,1
6297,4,8,1,0,2,0,1,1,1,-1,1,0,0,2,1,-1,1,1
6299,6,11,1,0,3,0,2,2,2,1,-1,0,0,2,-1,1,1,1
6301,4,8,1,0,2,0,1,1,1,1,-1,0,0,2,-1,1,1,1
6309,13,20,1,1,6,0,6,6,6,1,0,-1,0,2,-3,3,1,1
6309,32,48,1,0,16,0,15,15,15,0,2,-3,1,6,-3,3,1,1
6309,112,162,1,0,56,0,55,55,55,2,-3,2,-1,8,-1,1,1,1
6310,111,162,0,1,55,0,55,55,55,2,-3,2,-1,8,-1,1,1,1
6313,470,699,1,0,235,0,234,234,234,-1,0,1,0,2,3,-3,1,1
6316,15,21,0,1,7,0,7,7,7,-1,1,-1,1,4,2,-2,1,1
6324,100,145,0,0,50,1,50,50,50,1,-2,2,-1,6,0,0,1,1
6329,24,37,1,0,12,0,11,11,11,0,1,-1,0,2,-2,2,1,1
6332,108,155,0,0,54,1,54,54,54,1,-2,2,-1,6,0,0,1,1
6349,89,127,1,1,44,0,44,44,44,2,-2,1,-1,6,-3,3,1,1
6370,84,121,0,0,42,1,42,42,42,1,-2,2,-1,6,0,0,1,1
6371,84,121,1,0,42,0,41,41,41,1,-2,2,-1,6,0,0,1,1
6372,84,121,0,0,42,1,42,42,42,1,-2,2,-1,6,0,0,1,1
6373,80,114,1,0,40,0,39,39,39,2,-3,2,-1,8,-1,1,1,1
6373,84,121,1,0,42,0,41,41,41,1,-2,2,-1,6,0,0,1,1
6374,79,114,0,1,39,0,39,39,39,2,-3,2,-1,8,-1,1,1,1
6374,84,121,0,0,42,1,42,42,42,1,-2,2,-1,6,0,0,1,1
6375,84,121,1,0,42,0,41,41,41,1,-2,2,-1,6,0,0,1,1
6376,43,61,0,1,21,0,21,21,21,0,-1,1,0,2,2,-2,1,1
6376,84,121,0,0,42,1,42,42,42,1,-2,2,-1,6,0,0,1,1
6381,25,35,1,1,12,0,12,12,12,1,-1,1,-1,4,-2,2,1,1
6383,27,37,1,1,13,0,13,13,13,0,-1,2,-1,4,1,-1,1,1
6393,21,29,1,1,10,0,10,10,10,1,-1,0,0,2,-1,1,1,1
6394,21,29,0,1,10,0,10,10,10,0,-1,1,0,2,2,-2,1,1
6407,30,40,1,0,15,0,14,14,14,0,1,-1,0,2,-2,2,1,1
6442,12,15,0,0,6,1,6,6,6,0,0,0,0,0,0,0,1,1
6445,11,13,1,1,5,0,5,5,5,0,1,-1,0,2,-2,2,1,1
6447,9,10,1,1,4,0,4,4,4,-1,1,-1,1,4,2,-2,1,1
6449,15,18,1,1,7,0,7,7,7,0,0,1,-1,2,-1,1,1,1
6450,8,9,0,0,4,1,4,4,4,-1,1,1,-1,4,0,0,1,1
6454,12,15,0,0,6,1,6,6,6,0,0,0,0,0,0,0,1,1
6456,11,13,0,1,5,0,5,5,5,0,-1,1,0,2,2,-2,1,1
6458,8,9,0,0,4,1,4,4,4,1,-1,-1,1,4,0,0,1,1
6460,51,72,0,1,25,0,25,25,25,-1,1,-1,1,4,2,-2,1,1
6466,48,70,0,0,24,1,24,24,24,-1,2,-2,1,6,0,0,1,1
6469,32,48,1,0,16,0,15,15,15,-1,0,1,0,2,3,-3,1,1
6472,27,40,0,1,13,0,13,13,13,0,-1,1,0,2,2,-2,1,1
6476,45,66,0,1,22,0,22,22,22,-1,2,-3,2,8,1,-1,1,1
6479,42,63,1,0,21,0,20,20,20,-1,3,-3,1,8,-2,2,1,1
6483,19,30,1,1,9,0,9,9,9,0,1,0,-1,2,-3,3,1,1
6492,27,42,0,1,13,0,13,13,13,-1,1,-1,1,4,2,-2,1,1
6493,4,8,1,0,2,0,1,1,1,0,0,0,0,0,0,0,1,1
6493,226,348,1,0,113,0,112,112,112,0,0,0,0,0,0,0,1,1
6496,220,339,0,0,110,1,110,110,110,1,-2,2,-1,6,0,0,1,1
6501,13,20,1,1,6,0,6,6,6,1,0,-1,0,2,-3,3,1,1
6501,32,48,1,0,16,0,15,15,15,0,2,-3,1,6,-3,3,1,1
6504,199,305,0,1,99,0,99,99,99,1,-3,3,-1,8,2,-2,1,1
6508,15,21,0,1,7,0,7,7,7,-1,1,-1,1,4,2,-2,1,1
6514,48,70,0,0,24,1,24,24,24,0,0,0,0,0,0,0,1,1
6517,214,329,1,0,107,0,106,106,106,1,-2,2,-1,6,0,0,1,1
6521,24,37,1,0,12,0,11,11,11,0,1,-1,0,2,-2,2,1,1
6568,151,231,0,1,75,0,75,75,75,-1,1,-1,1,4,2,-2,1,1
6573,25,35,1,1,12,0,12,12,12,1,-1,1,-1,4,-2,2,1,1
6575,27,37,1,1,13,0,13,13,13,0,-1,2,-1,4,1,-1,1,1
6585,21,29,1,1,10,0,10,10,10,1,-1,0,0,2,-1,1,1,1
6586,21,29,0,1,10,0,10,10,10,0,-1,1,0,2,2,-2,1,1
6599,173,266,1,1,86,0,86,86,86,2,-3,3,-2,10,-2,2,1,1
6600,167,257,0,1,83,0,83,83,83,1,-3,3,-1,8,2,-2,1,1
6600,171,263,0,1,85,0,85,85,85,1,-3,4,-2,10,1,-1,1,1
6601,171,263,1,1,85,0,85,85,85,2,-3,3,-2,10,-2,2,1,1
6608,165,255,0,1,82,0,82,82,82,2,-3,2,-1,8,-1,1,1,1
6616,55,87,0,1,27,0,27,27,27,0,-1,1,0,2,2,-2,1,1
6640,84,133,0,0,42,1,42,42,42,-1,2,-2,1,6,0,0,1,1
6647,111,174,1,1,55,0,55,55,55,0,-1,2,-1,4,1,-1,1,1
6652,21,35,0,1,10,0,10,10,10,-1,1,-1,1,4,2,-2,1,1
6673,45,72,1,1,22,0,22,22,22,0,2,-3,1,6,-3,3,1,1
6673,59,95,1,1,29,0,29,29,29,0,2,-3,1,6,-3,3,1,1
6677,6,11,1,0,3,0,2,2,2,0,0,0,0,0,0,0,1,1
6681,4,8,1,0,2,0,1,1,1,-1,1,0,0,2,1,-1,1,1
6681,95,149,1,1,47,0,47,47,47,0,0,1,-1,2,-1,1,1,1
6683,6,11,1,0,3,0,2,2,2,1,-1,0,0,2,-1,1,1,1
6685,4,8,1,0,2,0,1,1,1,1,-1,0,0,2,-1,1,1,1
6693,13,20,1,1,6,0,6,6,6,1,0,-1,0,2,-3,3,1,1
6698,92,142,0,0,46,1,46,46,46,0,-1,3,-2,6,0,0,1,1
6699,92,142,1,0,46,0,45,45,45,1,-2,3,-2,8,-1,1,1,1
6700,15,21,0,1,7,0,7,7,7,-1,1,-1,1,4,2,-2,1,1
6703,82,126,1,0,41,0,40,40,40,1,-2,2,-1,6,0,0,1,1
6735,134,205,1,0,67,0,66,66,66,1,-1,1,-1,4,-2,2,1,1
6740,24,40,0,0,12,1,12,12,12,0,0,0,0,0,0,0,1,1
6742,25,43,0,1,12,0,12,12,12,-1,1,-1,1,4,2,-2,1,1
6748,19,32,0,1,9,0,9,9,9,-1,1,-1,1,4,2,-2,1,1
6756,16,28,0,0,8,1,8,8,8,0,0,0,0,0,0,0,1,1
6761,110,170,1,0,55,0,54,54,54,-1,0,0,1,2,4,-4,1,1
6763,26,43,1,0,13,0,12,12,12,0,0,0,0,0,0,0,1,1
6764,24,40,0,0,12,1,12,12,12,0,0,0,0,0,0,0,1,1
6772,16,28,0,0,8,1,8,8,8,0,0,0,0,0,0,0,1,1
6773,6,11,1,0,3,0,2,2,2,0,0,0,0,0,0,0,1,1
6773,105,163,1,1,52,0,52,52,52,0,1,-1,0,2,-2,2,1,1
6777,4,8,1,0,2,0,1,1,1,-1,1,0,0,2,1,-1,1,1
6779,6,11,1,0,3,0,2,2,2,1,-1,0,0,2,-1,1,1,1
6781,4,8,1,0,2,0,1,1,1,1,-1,0,0,2,-1,1,1,1
6793,462,682,1,0,231,0,230,230,230,2,-5,5,-2,14,2,-2,1,1
6804,52,79,0,0,26,1,26,26,26,0,0,0,0,0,0,0,1,1
6804,128,192,0,0,64,1,64,64,64,-2,4,-4,2,12,0,0,1,1
6804,448,660,0,0,224,1,224,224,224,3,-6,6,-3,18,0,0,1,1
6805,6,11,1,0,3,0,2,2,2,0,0,0,0,0,0,0,1,1
6805,128,192,1,0,64,0,63,63,63,-2,4,-4,2,12,0,0,1,1
6805,132,199,1,0,66,0,65,65,65,-3,5,-4,2,14,1,-1,1,1
6805,448,660,1,0,224,0,223,223,223,3,-6,6,-3,18,0,0,1,1
6805,451,665,1,1,225,0,225,225,225,3,-5,5,-3,16,-2,2,1,1
6806,128,192,0,0,64,1,64,64,64,-2,4,-4,2,12,0,0,1,1
6806,448,660,0,0,224,1,224,224,224,3,-6,6,-3,18,0,0,1,1
6807,132,199,1,0,66,0,65,65,65,-2,5,-5,2,14,-2,2,1,1
6808,444,657,0,0,222,1,222,222,222,3,-6,6,-3,18,0,0,1,1
6809,4,8,1,0,2,0,1,1,1,-1,1,0,0,2,1,-1,1,1
6809,130,196,1,0,65,0,64,64,64,-3,5,-4,2,14,1,-1,1,1
6810,129,194,0,1,64,0,64,64,64,-3,5,-4,2,14,1,-1,1,1
6811,6,11,1,0,3,0,2,2,2,1,-1,0,0,2,-1,1,1,1
6813,4,8,1,0,2,0,1,1,1,1,-1,0,0,2,-1,1,1,1
6818,41,60,0,1,20,0,20,20,20,-1,1,0,0,2,1,-1,1,1
6825,8,11,1,0,4,0,3,3,3,0,1,-1,0,2,-2,2,1,1
6825,14,18,1,0,7,0,6,6,6,-1,0,0,1,2,4,-4,1,1
6832,60,87,0,0,30,1,30,30,30,-1,2,-2,1,6,0,0,1,1
6833,57,83,1,1,28,0,28,28,28,0,1,-1,0,2,-2,2,1,1
6839,207,302,1,1,103,0,103,103,103,-2,3,-2,1,8,1,-1,1,1
6840,71,105,0,1,35,0,35,35,35,-3,5,-5,3,16,2,-2,1,1
6840,75,111,0,1,37,0,37,37,37,-3,5,-4,2,14,1,-1,1,1
6841,446,656,1,0,223,0,222,222,222,0,-2,2,0,4,4,-4,1,1
6845,114,170,1,0,57,0,56,56,56,-2,4,-4,2,12,0,0,1,1
6846,9,11,0,1,4,0,4,4,4,-1,1,-1,1,4,2,-2,1,1
6846,124,185,0,0,62,1,62,62,62,-1,2,-2,1,6,0,0,1,1
6847,442,650,1,0,221,0,220,220,220,2,-3,2,-1,8,-1,1,1,1
6848,439,645,0,1,219,0,219,219,219,1,-3,3,-1,8,2,-2,1,1
6850,48,70,0,0,24,1,24,24,24,-1,2,-2,1,6,0,0,1,1
6853,32,48,1,0,16,0,15,15,15,-1,0,1,0,2,3,-3,1,1
6856,27,40,0,1,13,0,13,13,13,0,-1,1,0,2,2,-2,1,1
6860,45,66,0,1,22,0,22,22,22,-1,2,-3,2,8,1,-1,1,1
6863,42,63,1,0,21,0,20,20,20,-1,3,-3,1,8,-2,2,1,1
6864,400,590,0,0,200,1,200,200,200,2,-4,4,-2,12,0,0,1,1
6867,19,30,1,1,9,0,9,9,9,0,1,0,-1,2,-3,3,1,1
6876,27,42,0,1,13,0,13,13,13,-1,1,-1,1,4,2,-2,1,1
6877,4,8,1,0,2,0,1,1,1,0,0,0,0,0,0,0,1,1
6884,96,146,0,0,48,1,48,48,48,0,0,0,0,0,0,0,1,1
6885,13,20,1,1,6,0,6,6,6,1,0,-1,0,2,-3,3,1,1
6885,32,48,1,0,16,0,15,15,15,0,2,-3,1,6,-3,3,1,1
6890,173,255,0,1,86,0,86,86,86,-1,1,-1,1,4,2,-2,1,1
6892,15,21,0,1,7,0,7,7,7,-1,1,-1,1,4,2,-2,1,1
6892,427,628,0,1,213,0,213,213,213,1,-3,3,-1,8,2,-2,1,1
6896,432,634,0,0,216,1,216,216,216,2,-4,4,-2,12,0,0,1,1
6898,48,70,0,0,24,1,24,24,24,0,0,0,0,0,0,0,1,1
6905,24,37,1,0,12,0,11,11,11,0,1,-1,0,2,-2,2,1,1
6909,377,555,1,1,188,0,188,188,188,3,-5,5,-3,16,-2,2,1,1
6909,409,603,1,1,204,0,204,204,204,3,-5,5,-3,16,-2,2,1,1
6911,411,605,1,1,205,0,205,205,205,2,-5,6,-3,16,1,-1,1,1
6921,405,597,1,1,202,0,202,202,202,3,-5,4,-2,14,-1,1,1,1
6922,405,597,0,1,202,0,202,202,202,2,-5,5,-2,14,2,-2,1,1
6926,403,594,0,1,201,0,201,201,201,3,-6,5,-2,16,1,-1,1,1
6957,25,35,1,1,12,0,12,12,12,1,-1,1,-1,4,-2,2,1,1
6959,27,37,1,1,13,0,13,13,13,0,-1,2,-1,4,1,-1,1,1
6964,356,521,0,0,178,1,178,178,178,2,-4,4,-2,12,0,0,1,1
6967,362,531,1,0,181,0,180,180,180,3,-5,5,-3,16,-2,2,1,1
6969,21,29,1,1,10,0,10,10,10,1,-1,0,0,2,-1,1,1,1
6970,21,29,0,1,10,0,10,10,10,0,-1,1,0,2,2,-2,1,1
6979,350,512,1,0,175,0,174,174,174,3,-5,5,-3,16,-2,2,1,1
7000,55,87,0,1,27,0,27,27,27,0,-1,1,0,2,2,-2,1,1
7025,360,531,1,0,180,0,179,179,179,2,-5,5,-2,14,2,-2,1,1
7036,21,35,0,1,10,0,10,10,10,-1,1,-1,1,4,2,-2,1,1
7045,336,494,1,0,168,0,167,167,167,4,-6,5,-3,18,-3,3,1,1
7048,336,494,0,0,168,1,168,168,168,2,-4,4,-2,12,0,0,1,1
7049,336,494,1,0,168,0,167,167,167,2,-4,4,-2,12,0,0,1,1
7050,336,494,0,0,168,1,168,168,168,2,-4,4,-2,12,0,0,1,1
7051,336,494,1,0,168,0,167,167,167,2,-4,4,-2,12,0,0,1,1
7052,336,494,0,0,168,1,168,168,168,2,-4,4,-2,12,0,0,1,1
7053,336,494,1,0,168,0,167,167,167,2,-4,4,-2,12,0,0,1,1
7054,336,494,0,0,168,1,168,168,168,2,-4,4,-2,12,0,0,1,1
7055,336,494,1,0,168,0,167,167,167,2,-4,4,-2,12,0,0,1,1
7056,336,494,0,0,168,1,168,168,168,2,-4,4,-2,12,0,0,1,1
7057,336,494,1,0,168,0,167,167,167,2,-4,4,-2,12,0,0,1,1
7058,336,494,0,0,168,1,168,168,168,2,-4,4,-2,12,0,0,1,1
7059,336,494,1,0,168,0,167,167,167,2,-4,4,-2,12,0,0,1,1
7060,320,468,0,0,160,1,160,160,160,3,-6,6,-3,18,0,0,1,1
7060,336,494,0,0,168,1,168,168,168,2,-4,4,-2,12,0,0,1,1
7061,6,11,1,0,3,0,2,2,2,0,0,0,0,0,0,0,1,1
7061,176,258,1,0,88,0,87,87,87,1,-2,2,-1,6,0,0,1,1
7061,179,263,1,1,89,0,89,89,89,1,-1,1,-1,4,-2,2,1,1
7061,320,468,1,0,160,0,159,159,159,3,-6,6,-3,18,0,0,1,1
7061,323,473,1,1,161,0,161,161,161,3,-5,5,-3,16,-2,2,1,1
7061,336,494,1,0,168,0,167,167,167,2,-4,4,-2,12,0,0,1,1
7062,320,468,0,0,160,1,160,160,160,3,-6,6,-3,18,0,0,1,1
7062,336,494,0,0,168,1,168,168,168,2,-4,4,-2,12,0,0,1,1
7063,336,494,1,0,168,0,167,167,167,2,-4,4,-2,12,0,0,1,1
7064,316,465,0,0,158,1,158,158,158,3,-6,6,-3,18,0,0,1,1
7064,336,494,0,0,168,1,168,168,168,2,-4,4,-2,12,0,0,1,1
7065,4,8,1,0,2,0,1,1,1,-1,1,0,0,2,1,-1,1,1
7065,336,494,1,0,168,0,167,167,167,2,-4,4,-2,12,0,0,1,1
7066,177,260,0,1,88,0,88,88,88,0,-1,2,-1,4,1,-1,1,1
7066,336,494,0,0,168,1,168,168,168,2,-4,4,-2,12,0,0,1,1
7067,6,11,1,0,3,0,2,2,2,1,-1,0,0,2,-1,1,1,1
7067,336,494,1,0,168,0,167,167,167,2,-4,4,-2,12,0,0,1,1
7068,336,494,0,0,168,1,168,168,168,2,-4,4,-2,12,0,0,1,1
7069,4,8,1,0,2,0,1,1,1,1,-1,0,0,2,-1,1,1,1
7069,336,494,1,0,168,0,167,167,167,2,-4,4,-2,12,0,0,1,1
7070,336,494,0,0,168,1,168,168,168,2,-4,4,-2,12,0,0,1,1
7071,336,494,1,0,168,0,167,167,167,2,-4,4,-2,12,0,0,1,1
7072,171,249,0,1,85,0,85,85,85,0,-1,2,-1,4,1,-1,1,1
7072,172,251,0,0,86,1,86,86,86,1,-2,2,-1,6,0,0,1,1
7072,336,494,0,0,168,1,168,168,168,2,-4,4,-2,12,0,0,1,1
7077,13,20,1,1,6,0,6,6,6,1,0,-1,0,2,-3,3,1,1
7077,32,48,1,0,16,0,15,15,15,0,2,-3,1,6,-3,3,1,1
7077,112,162,1,0,56,0,55,55,55,2,-3,2,-1,8,-1,1,1,1
7078,111,162,0,1,55,0,55,55,55,2,-3,2,-1,8,-1,1,1,1
7084,15,21,0,1,7,0,7,7,7,-1,1,-1,1,4,2,-2,1,1
7092,100,145,0,0,50,1,50,50,50,1,-2,2,-1,6,0,0,1,1
7097,24,37,1,0,12,0,11,11,11,0,1,-1,0,2,-2,2,1,1
7100,108,155,0,0,54,1,54,54,54,1,-2,2,-1,6,0,0,1,1
7117,89,127,1,1,44,0,44,44,44,2,-2,1,-1,6,-3,3,1,1
7137,231,337,1,1,115,0,115,115,115,0,0,1,-1,2,-1,1,1,1
7138,84,121,0,0,42,1,42,42,42,1,-2,2,-1,6,0,0,1,1
7139,84,121,1,0,42,0,41,41,41,1,-2,2,-1,6,0,0,1,1
7140,84,121,0,0,42,1,42,42,42,1,-2,2,-1,6,0,0,1,1
7141,80,114,1,0,40,0,39,39,39,2,-3,2,-1,8,-1,1,1,1
7141,84,121,1,0,42,0,41,41,41,1,-2,2,-1,6,0,0,1,1
7142,79,114,0,1,39,0,39,39,39,2,-3,2,-1,8,-1,1,1,1
7142,84,121,0,0,42,1,42,42,42,1,-2,2,-1,6,0,0,1,1
7143,84,121,1,0,42,0,41,41,41,1,-2,2,-1,6,0,0,1,1
7144,43,61,0,1,21,0,21,21,21,0,-1,1,0,2,2,-2,1,1
7144,84,121,0,0,42,1,42,42,42,1,-2,2,-1,6,0,0,1,1
7149,25,35,1,1,12,0,12,12,12,1,-1,1,-1,4,-2,2,1,1
7151,27,37,1,1,13,0,13,13,13,0,-1,2,-1,4,1,-1,1,1
7161,21,29,1,1,10,0,10,10,10,1,-1,0,0,2,-1,1,1,1
7162,21,29,0,1,10,0,10,10,10,0,-1,1,0,2,2,-2,1,1
7175,30,40,1,0,15,0,14,14,14,0,1,-1,0,2,-2,2,1,1
7196,120,170,0,0,60,1,60,60,60,-1,2,-2,1,6,0,0,1,1
7200,117,165,0,1,58,0,58,58,58,0,1,-2,1,4,-1,1,1,1
7208,195,284,0,1,97,0,97,97,97,0,-1,1,0,2,2,-2,1,1
7210,12,15,0,0,6,1,6,6,6,0,0,0,0,0,0,0,1,1
7213,11,13,1,1,5,0,5,5,5,0,1,-1,0,2,-2,2,1,1
7213,108,151,1,0,54,0,53,53,53,-2,3,-3,2,10,2,-2,1,1
7215,9,10,1,1,4,0,4,4,4,-1,1,-1,1,4,2,-2,1,1
7217,15,18,1,1,7,0,7,7,7,0,0,1,-1,2,-1,1,1,1
7218,8,9,0,0,4,1,4,4,4,-1,1,1,-1,4,0,0,1,1
7222,12,15,0,0,6,1,6,6,6,0,0,0,0,0,0,0,1,1
7224,11,13,0,1,5,0,5,5,5,0,-1,1,0,2,2,-2,1,1
7226,8,9,0,0,4,1,4,4,4,1,-1,-1,1,4,0,0,1,1
7228,51,72,0,1,25,0,25,25,25,-1,1,-1,1,4,2,-2,1,1
7230,181,263,0,1,90,0,90,90,90,0,-1,1,0,2,2,-2,1,1
7233,179,261,1,1,89,0,89,89,89,1,-1,1,-1,4,-2,2,1,1
7234,48,70,0,0,24,1,24,24,24,-1,2,-2,1,6,0,0,1,1
7236,177,258,0,1,88,0,88,88,88,1,-1,0,0,2,-1,1,1,1
7237,32,48,1,0,16,0,15,15,15,-1,0,1,0,2,3,-3,1,1
7240,27,40,0,1,13,0,13,13,13,0,-1,1,0,2,2,-2,1,1
7244,45,66,0,1,22,0,22,22,22,-1,2,-3,2,8,1,-1,1,1
7247,42,63,1,0,21,0,20,20,20,-1,3,-3,1,8,-2,2,1,1
7251,19,30,1,1,9,0,9,9,9,0,1,0,-1,2,-3,3,1,1
7260,27,42,0,1,13,0,13,13,13,-1,1,-1,1,4,2,-2,1,1
7261,4,8,1,0,2,0,1,1,1,0,0,0,0,0,0,0,1,1
7269,13,20,1,1,6,0,6,6,6,1,0,-1,0,2,-3,3,1,1
7269,32,48,1,0,16,0,15,15,15,0,2,-3,1,6,-3,3,1,1
7276,15,21,0,1,7,0,7,7,7,-1,1,-1,1,4,2,-2,1,1
7289,24,37,1,0,12,0,11,11,11,0,1,-1,0,2,-2,2,1,1
7309,73,101,1,1,36,0,36,36,36,2,-2,1,-1,6,-3,3,1,1
7329,266,393,1,0,133,0,132,132,132,0,-2,2,0,4,4,-4,1,1
7333,48,66,1,0,24,0,23,23,23,1,-1,0,0,2,-1,1,1,1
7334,47,66,0,1,23,0,23,23,23,1,-1,0,0,2,-1,1,1,1
7336,48,66,0,0,24,1,24,24,24,0,0,0,0,0,0,0,1,1
7341,25,35,1,1,12,0,12,12,12,1,-1,1,-1,4,-2,2,1,1
7343,27,37,1,1,13,0,13,13,13,0,-1,2,-1,4,1,-1,1,1
7345,44,59,1,0,22,0,21,21,21,1,0,-1,0,2,-3,3,1,1
7348,44,59,0,0,22,1,22,22,22,-1,2,-2,1,6,0,0,1,1
7353,21,29,1,1,10,0,10,10,10,1,-1,0,0,2,-1,1,1,1
7354,21,29,0,1,10,0,10,10,10,0,-1,1,0,2,2,-2,1,1
7356,35,46,0,1,17,0,17,17,17,-1,1,-1,1,4,2,-2,1,1
7356,36,47,0,0,18,1,18,18,18,-1,2,-2,1,6,0,0,1,1
7361,32,42,1,0,16,0,15,15,15,-2,2,-1,1,6,3,-3,1,1
7363,32,42,1,0,16,0,15,15,15,-1,2,-1,0,4,-1,1,1,1
7364,60,81,0,0,30,1,30,30,30,0,0,0,0,0,0,0,1,1
7368,32,42,0,0,16,1,16,16,16,0,0,0,0,0,0,0,1,1
7379,49,66,1,1,24,0,24,24,24,0,0,0,0,0,0,0,1,1
7381,48,66,1,0,24,0,23,23,23,0,0,0,0,0,0,0,1,1
7381,51,71,1,1,25,0,25,25,25,0,1,-1,0,2,-2,2,1,1
7384,48,66,0,0,24,1,24,24,24,0,0,0,0,0,0,0,1,1
7390,45,61,0,1,22,0,22,22,22,0,-1,2,-1,4,1,-1,1,1
7392,43,57,0,1,21,0,21,21,21,0,-1,2,-1,4,1,-1,1,1
7392,44,59,0,0,22,1,22,22,22,1,-2,2,-1,6,0,0,1,1
7393,32,42,1,0,16,0,15,15,15,2,-2,1,-1,6,-3,3,1,1
7393,209,305,1,1,104,0,104,104,104,1,0,-1,0,2,-3,3,1,1
7395,32,42,1,0,16,0,15,15,15,1,-2,1,0,4,1,-1,1,1
7398,212,311,0,0,106,1,106,106,106,0,0,0,0,0,0,0,1,1
7400,32,42,0,0,16,1,16,16,16,0,0,0,0,0,0,0,1,1
7402,12,15,0,0,6,1,6,6,6,0,0,0,0,0,0,0,1,1
7405,11,13,1,1,5,0,5,5,5,0,1,-1,0,2,-2,2,1,1
7407,9,10,1,1,4,0,4,4,4,-1,1,-1,1,4,2,-2,1,1
7408,204,297,0,0,102,1,102,102,102,-1,2,-2,1,6,0,0,1,1
7409,15,18,1,1,7,0,7,7,7,0,0,1,-1,2,-1,1,1,1
7410,8,9,0,0,4,1,4,4,4,-1,1,1,-1,4,0,0,1,1
7414,12,15,0,0,6,1,6,6,6,0,0,0,0,0,0,0,1,1
7416,11,13,0,1,5,0,5,5,5,0,-1,1,0,2,2,-2,1,1
7418,8,9,0,0,4,1,4,4,4,1,-1,-1,1,4,0,0,1,1
7429,159,238,1,1,79,0,79,79,79,0,0,1,-1,2,-1,1,1,1
7429,192,284,1,0,96,0,95,95,95,-1,3,-3,1,8,-2,2,1,1
7431,30,40,1,0,15,0,14,14,14,0,1,-1,0,2,-2,2,1,1
7431,158,236,1,0,79,0,78,78,78,0,-1,2,-1,4,1,-1,1,1
7432,192,284,0,0,96,1,96,96,96,-2,4,-4,2,12,0,0,1,1
7433,156,233,1,0,78,0,77,77,77,0,-1,1,0,2,2,-2,1,1
7433,191,282,1,1,95,0,95,95,95,-1,4,-5,2,12,-3,3,1,1
7435,156,233,1,0,78,0,77,77,77,0,-1,2,-1,4,1,-1,1,1
7443,142,214,1,0,71,0,70,70,70,1,-1,1,-1,4,-2,2,1,1
7444,128,192,0,0,64,1,64,64,64,0,0,0,0,0,0,0,1,1
7445,128,192,1,0,64,0,63,63,63,0,0,0,0,0,0,0,1,1
7446,128,192,0,0,64,1,64,64,64,0,0,0,0,0,0,0,1,1
7453,127,190,1,1,63,0,63,63,63,1,-1,1,-1,4,-2,2,1,1
7455,126,188,1,0,63,0,62,62,62,1,-2,2,-1,6,0,0,1,1
7456,108,161,0,0,54,1,54,54,54,1,-2,2,-1,6,0,0,1,1
7457,124,185,1,0,62,0,61,61,61,1,-2,2,-1,6,0,0,1,1
7459,124,185,1,0,62,0,61,61,61,1,-2,2,-1,6,0,0,1,1
7466,12,15,0,0,6,1,6,6,6,0,0,0,0,0,0,0,1,1
7469,11,13,1,1,5,0,5,5,5,0,1,-1,0,2,-2,2,1,1
7470,135,204,0,1,67,0,67,67,67,1,-1,0,0,2,-1,1,1,1
7470,136,205,0,0,68,1,68,68,68,1,-1,-1,1,4,0,0,1,1
7471,9,10,1,1,4,0,4,4,4,-1,1,-1,1,4,2,-2,1,1
7472,180,267,0,0,90,1,90,90,90,-3,6,-6,3,18,0,0,1,1
7473,15,18,1,1,7,0,7,7,7,0,0,1,-1,2,-1,1,1,1
7474,8,9,0,0,4,1,4,4,4,-1,1,1,-1,4,0,0,1,1
7474,132,199,0,0,66,1,66,66,66,0,0,0,0,0,0,0,1,1
7477,173,260,1,1,86,0,86,86,86,-2,5,-5,2,14,-2,2,1,1
7478,12,15,0,0,6,1,6,6,6,0,0,0,0,0,0,0,1,1
7480,11,13,0,1,5,0,5,5,5,0,-1,1,0,2,2,-2,1,1
7482,8,9,0,0,4,1,4,4,4,1,-1,-1,1,4,0,0,1,1
7484,168,252,0,0,84,1,84,84,84,-3,6,-6,3,18,0,0,1,1
7500,76,117,0,0,38,1,38,38,38,0,0,0,0,0,0,0,1,1
7506,16,26,0,0,8,1,8,8,8,0,0,0,0,0,0,0,1,1
7517,4,8,1,0,2,0,1,1,1,0,0,0,0,0,0,0,1,1
7520,117,181,0,1,58,0,58,58,58,0,1,-2,1,4,-1,1,1,1
7521,118,182,1,0,59,0,58,58,58,-2,2,-2,2,8,4,-4,1,1
7522,17,28,0,1,8,0,8,8,8,0,-1,1,0,2,2,-2,1,1
7523,118,181,1,0,59,0,58,58,58,-1,2,-2,1,6,0,0,1,1
7524,109,169,0,1,54,0,54,54,54,0,1,-2,1,4,-1,1,1,1
7533,111,170,1,1,55,0,55,55,55,-1,3,-3,1,8,-2,2,1,1
7536,108,165,0,0,54,1,54,54,54,-1,2,-2,1,6,0,0,1,1
7537,111,170,1,1,55,0,55,55,55,-2,4,-3,1,10,-1,1,1,1
7539,104,161,1,0,52,0,51,51,51,-1,2,-2,1,6,0,0,1,1
7540,16,28,0,0,8,1,8,8,8,-1,2,-2,1,6,0,0,1,1
7541,105,163,1,1,52,0,52,52,52,-1,3,-3,1,8,-2,2,1,1
7545,103,159,1,1,51,0,51,51,51,-2,4,-3,1,10,-1,1,1,1
7546,101,156,0,1,50,0,50,50,50,-2,3,-3,2,10,2,-2,1,1
7549,4,8,1,0,2,0,1,1,1,0,0,0,0,0,0,0,1,1
7572,52,79,0,0,26,1,26,26,26,0,0,0,0,0,0,0,1,1
7572,128,192,0,0,64,1,64,64,64,-2,4,-4,2,12,0,0,1,1
7573,6,11,1,0,3,0,2,2,2,0,0,0,0,0,0,0,1,1
7573,128,192,1,0,64,0,63,63,63,-2,4,-4,2,12,0,0,1,1
7573,132,199,1,0,66,0,65,65,65,-3,5,-4,2,14,1,-1,1,1
7574,128,192,0,0,64,1,64,64,64,-2,4,-4,2,12,0,0,1,1
7575,132,199,1,0,66,0,65,65,65,-2,5,-5,2,14,-2,2,1,1
7577,4,8,1,0,2,0,1,1,1,-1,1,0,0,2,1,-1,1,1
7577,130,196,1,0,65,0,64,64,64,-3,5,-4,2,14,1,-1,1,1
7578,129,194,0,1,64,0,64,64,64,-3,5,-4,2,14,1,-1,1,1
7579,6,11,1,0,3,0,2,2,2,1,-1,0,0,2,-1,1,1,1
7581,4,8,1,0,2,0,1,1,1,1,-1,0,0,2,-1,1,1,1
7586,41,60,0,1,20,0,20,20,20,-1,1,0,0,2,1,-1,1,1
7593,8,11,1,0,4,0,3,3,3,0,1,-1,0,2,-2,2,1,1
7593,14,18,1,0,7,0,6,6,6,-1,0,0,1,2,4,-4,1,1
7600,60,87,0,0,30,1,30,30,30,-1,2,-2,1,6,0,0,1,1
7601,57,83,1,1,28,0,28,28,28,0,1,-1,0,2,-2,2,1,1
7608,71,105,0,1,35,0,35,35,35,-3,5,-5,3,16,2,-2,1,1
7608,75,111,0,1,37,0,37,37,37,-3,5,-4,2,14,1,-1,1,1
7613,114,170,1,0,57,0,56,56,56,-2,4,-4,2,12,0,0,1,1
7614,9,11,0,1,4,0,4,4,4,-1,1,-1,1,4,2,-2,1,1
7614,124,185,0,0,62,1,62,62,62,-1,2,-2,1,6,0,0,1,1
7618,48,70,0,0,24,1,24,24,24,-1,2,-2,1,6,0,0,1,1
7621,32,48,1,0,16,0,15,15,15,-1,0,1,0,2,3,-3,1,1
7624,27,40,0,1,13,0,13,13,13,0,-1,1,0,2,2,-2,1,1
7628,45,66,0,1,22,0,22,22,22,-1,2,-3,2,8,1,-1,1,1
7631,42,63,1,0,21,0,20,20,20,-1,3,-3,1,8,-2,2,1,1
7635,19,30,1,1,9,0,9,9,9,0,1,0,-1,2,-3,3,1,1
7644,27,42,0,1,13,0,13,13,13,-1,1,-1,1,4,2,-2,1,1
7645,4,8,1,0,2,0,1,1,1,0,0,0,0,0,0,0,1,1
7652,96,146,0,0,48,1,48,48,48,0,0,0,0,0,0,0,1,1
7653,13,20,1,1,6,0,6,6,6,1,0,-1,0,2,-3,3,1,1
7653,32,48,1,0,16,0,15,15,15,0,2,-3,1,6,-3,3,1,1
7658,173,255,0,1,86,0,86,86,86,-1,1,-1,1,4,2,-2,1,1
7660,15,21,0,1,7,0,7,7,7,-1,1,-1,1,4,2,-2,1,1
7666,48,70,0,0,24,1,24,24,24,0,0,0,0,0,0,0,1,1
7673,24,37,1,0,12,0,11,11,11,0,1,-1,0,2,-2,2,1,1
7725,25,35,1,1,12,0,12,12,12,1,-1,1,-1,4,-2,2,1,1
7727,27,37,1,1,13,0,13,13,13,0,-1,2,-1,4,1,-1,1,1
7737,21,29,1,1,10,0,10,10,10,1,-1,0,0,2,-1,1,1,1
7738,21,29,0,1,10,0,10,10,10,0,-1,1,0,2,2,-2,1,1
7768,55,87,0,1,27,0,27,27,27,0,-1,1,0,2,2,-2,1,1
7804,21,35,0,1,10,0,10,10,10,-1,1,-1,1,4,2,-2,1,1
7829,6,11,1,0,3,0,2,2,2,0,0,0,0,0,0,0,1,1
7833,4,8,1,0,2,0,1,1,1,-1,1,0,0,2,1,-1,1,1
7835,6,11,1,0,3,0,2,2,2,1,-1,0,0,2,-1,1,1,1
7837,4,8,1,0,2,0,1,1,1,1,-1,0,0,2,-1,1,1,1
7845,13,20,1,1,6,0,6,6,6,1,0,-1,0,2,-3,3,1,1
7845,32,48,1,0,16,0,15,15,15,0,2,-3,1,6,-3,3,1,1
7845,112,162,1,0,56,0,55,55,55,2,-3,2,-1,8,-1,1,1,1
7846,111,162,0,1,55,0,55,55,55,2,-3,2,-1,8,-1,1,1,1
7852,15,21,0,1,7,0,7,7,7,-1,1,-1,1,4,2,-2,1,1
7860,100,145,0,0,50,1,50,50,50,1,-2,2,-1,6,0,0,1,1
7865,24,37,1,0,12,0,11,11,11,0,1,-1,0,2,-2,2,1,1
7868,108,155,0,0,54,1,54,54,54,1,-2,2,-1,6,0,0,1,1
7885,89,127,1,1,44,0,44,44,44,2,-2,1,-1,6,-3,3,1,1
7906,84,121,0,0,42,1,42,42,42,1,-2,2,-1,6,0,0,1,1
7907,84,121,1,0,42,0,41,41,41,1,-2,2,-1,6,0,0,1,1
7908,84,121,0,0,42,1,42,42,42,1,-2,2,-1,6,0,0,1,1
7909,80,114,1,0,40,0,39,39,39,2,-3,2,-1,8,-1,1,1,1
7909,84,121,1,0,42,0,41,41,41,1,-2,2,-1,6,0,0,1,1
7910,79,114,0,1,39,0,39,39,39,2,-3,2,-1,8,-1,1,1,1
7910,84,121,0,0,42,1,42,42,42,1,-2,2,-1,6,0,0,1,1
7911,84,121,1,0,42,0,41,41,41,1,-2,2,-1,6,0,0,1,1
7912,43,61,0,1,21,0,21,21,21,0,-1,1,0,2,2,-2,1,1
7912,84,121,0,0,42,1,42,42,42,1,-2,2,-1,6,0,0,1,1
7917,25,35,1,1,12,0,12,12,12,1,-1,1,-1,4,-2,2,1,1
7919,27,37,1,1,13,0,13,13,13,0,-1,2,-1,4,1,-1,1,1
7929,21,29,1,1,10,0,10,10,10,1,-1,0,0,2,-1,1,1,1
7930,21,29,0,1,10,0,10,10,10,0,-1,1,0,2,2,-2,1,1
7943,30,40,1,0,15,0,14,14,14,0,1,-1,0,2,-2,2,1,1
7978,12,15,0,0,6,1,6,6,6,0,0,0,0,0,0,0,1,1
7981,11,13,1,1,5,0,5,5,5,0,1,-1,0,2,-2,2,1,1
7983,9,10,1,1,4,0,4,4,4,-1,1,-1,1,4,2,-2,1,1
7985,15,18,1,1,7,0,7,7,7,0,0,1,-1,2,-1,1,1,1
7986,8,9,0,0,4,1,4,4,4,-1,1,1,-1,4,0,0,1,1
7990,12,15,0,0,6,1,6,6,6,0,0,0,0,0,0,0,1,1
7992,11,13,0,1,5,0,5,5,5,0,-1,1,0,2,2,-2,1,1
7994,8,9,0,0,4,1,4,4,4,1,-1,-1,1,4,0,0,1,1
7996,51,72,0,1,25,0,25,25,25,-1,1,-1,1,4,2,-2,1,1
8002,48,70,0,0,24,1,24,24,24,-1,2,-2,1,6,0,0,1,1
8005,32,48,1,0,16,0,15,15,15,-1,0,1,0,2,3,-3,1,1
8008,27,40,0,1,13,0,13,13,13,0,-1,1,0,2,2,-2,1,1
8012,45,66,0,1,22,0,22,22,22,-1,2,-3,2,8,1,-1,1,1
8015,42,63,1,0,21,0,20,20,20,-1,3,-3,1,8,-2,2,1,1
8019,19,30,1,1,9,0,9,9,9,0,1,0,-1,2,-3,3,1,1
8028,27,42,0,1,13,0,13,13,13,-1,1,-1,1,4,2,-2,1,1
8029,4,8,1,0,2,0,1,1,1,0,0,0,0,0,0,0,1,1
8037,13,20,1,1,6,0,6,6,6,1,0,-1,0,2,-3,3,1,1
8037,32,48,1,0,16,0,15,15,15,0,2,-3,1,6,-3,3,1,1
8044,15,21,0,1,7,0,7,7,7,-1,1,-1,1,4,2,-2,1,1
8057,24,37,1,0,12,0,11,11,11,0,1,-1,0,2,-2,2,1,1
8109,25,35,1,1,12,0,12,12,12,1,-1,1,-1,4,-2,2,1,1
8111,27,37,1,1,13,0,13,13,13,0,-1,2,-1,4,1,-1,1,1
8121,21,29,1,1,10,0,10,10,10,1,-1,0,0,2,-1,1,1,1
8122,21,29,0,1,10,0,10,10,10,0,-1,1,0,2,2,-2,1,1
